REMARK,4,1DPP,COMPLIES,X,Y,Z,"2.0,",18-NOV-1998,dots-angle,dots-distance,planes-angle
1,C1,OLA,1,0.0,0.0,0.0,1.0,0.0,0.0,1.5313066316058355,0.0
2,C2,OLA,1,0.3400000000000034,0.5700000000000003,-1.3800000000000026,1.0,0.0,107.74807899719426,1.5347312468311802,0.0
3,C3,OLA,1,1.75,0.08999999999999986,-1.75,1.0,0.0,118.52979782889322,1.5347638254793496,179.85822704069932
4,C4,OLA,1,2.3400000000000034,0.5199999999999996,-3.1000000000000014,1.0,0.0,104.61873394935199,1.5301307133705881,176.5287304286414
5,C5,OLA,1,3.759999999999998,-0.05000000000000071,-3.1000000000000014,1.0,0.0,110.73895181877289,1.5286922515666772,173.20589884878666
6,C6,OLA,1,4.539999999999999,0.4399999999999977,-4.32,1.0,0.0,109.13063131608516,1.5293789589241729,62.135785798000256
7,C7,OLA,1,3.8500000000000014,-0.060000000000002274,-5.589999999999996,1.0,0.0,127.75500468315654,1.5360664048145871,173.78614025972297
8,C8,OLA,1,4.340000000000003,0.07000000000000028,-7.039999999999999,1.0,0.0,115.7522417871708,1.5248934388999142,178.162791848721
9,C9,OLA,1,3.450000000000003,-0.5700000000000003,-8.100000000000001,1.0,0.0,122.1553753707299,1.3933413077921661,162.27036891701073
10,C10,OLA,1,3.5500000000000043,-0.240000000000002,-9.449999999999996,1.0,0.0,126.32038918545496,1.523975065412815,5.695875804992537
11,C11,OLA,1,4.43,0.8499999999999979,-10.049999999999997,1.0,0.0,109.40391347489872,1.5283324245726149,173.4244740208054
12,C12,OLA,1,4.119999999999997,0.9899999999999984,-11.54,1.0,0.0,117.38891594390836,1.5316984037335801,64.16330144993545
13,C13,OLA,1,4.43,-0.21000000000000085,-12.439999999999998,1.0,0.0,112.53542387289274,1.5290519938837963,175.12946702472195
14,C14,OLA,1,4.189999999999998,0.08999999999999986,-13.920000000000002,1.0,0.0,111.1258587509463,1.5253196386331598,170.47985273241864
15,C15,OLA,1,4.280000000000001,-1.1799999999999997,-14.759999999999998,1.0,0.0,114.20805354057408,1.5305554547287703,173.3704318383978
16,C16,OLA,1,4.210000000000001,-0.9400000000000013,-16.269999999999996,1.0,0.0,109.9925925009436,1.528201557386982,167.70952742644764
17,C17,OLA,1,4.609999999999999,-2.210000000000001,-17.019999999999996,1.0,0.0,115.57539760419589,1.527612516314268,174.97898815887567
18,C18,OLA,1,4.469999999999999,-2.150000000000002,-18.54,1.0,0.0,120.89435119122784,1.2318279100588692,27.57674465812315
19,O19,OLA,1,3.6400000000000006,-1.4100000000000001,-19.07,1.0,0.0,29.208989279022244,2.2986517787607608,170.0933645726434
20,O20,OLA,1,5.450000000000003,-2.8200000000000003,-19.21,1.0,0.0,69.04552595453883,0.9974968671629981,179.48764836008328
21,H21,OLA,1,5.200000000000003,-2.4700000000000024,-20.11,1.0,0.0,29.77302725518759,20.698717351565534,6.884002036526215
22,C1,OLA,2,1.3200000000000003,-4.400000000000002,0.13000000000000256,1.0,0.0,62.98501381700842,1.5322206107476781,10.369650390245246
23,C2,OLA,2,2.4399999999999977,-5.27,-0.44999999999999574,1.0,0.0,109.93933320938724,1.5344705927452666,78.12311631167897
24,C3,OLA,2,3.710000000000001,-4.43,-0.6400000000000006,1.0,0.0,107.71807117127523,1.5370751445521453,130.3331551880752
25,C4,OLA,2,4.219999999999999,-4.670000000000002,-2.0700000000000003,1.0,0.0,116.42750192021234,1.5233187453714372,179.6644655478426
26,C5,OLA,2,5.490000000000002,-3.9299999999999997,-2.469999999999999,1.0,0.0,114.31435508492073,1.5313719339206897,157.0663681337693
27,C6,OLA,2,5.660000000000004,-3.740000000000002,-3.979999999999997,1.0,0.0,110.96119860276451,1.5267612779999373,176.61044255514747
28,C7,OLA,2,6.910000000000004,-2.9200000000000017,-4.289999999999999,1.0,0.0,98.47098145382128,1.5339817469578947,172.8652724542682
29,C8,OLA,2,6.700000000000003,-2.75,-5.799999999999997,1.0,0.0,109.51067766385272,1.52833242457261,178.3348491813734
30,C9,OLA,2,7.829999999999998,-1.9000000000000021,-6.380000000000003,1.0,0.0,122.72243349953418,1.393054198514901,168.85458542972304
31,C10,OLA,2,8.04,-1.7600000000000016,-7.75,1.0,0.0,125.1375716370762,1.522399421965206,10.993829074765975
32,C11,OLA,2,7.359999999999999,-2.59,-8.829999999999998,1.0,0.0,114.61611594851787,1.531535177526131,168.60973416862035
33,C12,OLA,2,7.960000000000001,-2.4299999999999997,-10.229999999999997,1.0,0.0,111.86476401834476,1.5267285285865348,172.95366562782402
34,C13,OLA,2,7.130000000000003,-3.150000000000002,-11.29,1.0,0.0,106.33966416870166,1.533818763739702,177.63381366086537
35,C14,OLA,2,7.869999999999997,-2.960000000000001,-12.619999999999997,1.0,0.0,108.9779330400903,1.5344705927452629,175.68108712963638
36,C15,OLA,2,7.030000000000001,-3.5700000000000003,-13.75,1.0,0.0,113.87213987225202,1.5256146302392375,172.7261761189921
37,C16,OLA,2,7.740000000000002,-3.6000000000000014,-15.100000000000001,1.0,0.0,110.94506881931127,1.5380507143784279,153.38264600657695
38,C17,OLA,2,7.200000000000003,-4.740000000000002,-15.979999999999997,1.0,0.0,111.81072140339268,1.5227934856703347,178.56599868750163
39,C18,OLA,2,7.920000000000002,-4.810000000000002,-17.32,1.0,0.0,123.58283647327164,1.2372954376380736,46.235725914241996
40,O19,OLA,2,9.149999999999999,-4.75,-17.439999999999998,1.0,0.0,34.332236498144134,2.1886297082878117,159.95163072776316
41,O20,OLA,2,7.270000000000003,-5.359999999999999,-18.380000000000003,1.0,0.0,137.23075935587033,0.9944847912361476,19.289599735948887
42,H21,OLA,2,6.340000000000003,-5.560000000000002,-18.089999999999996,1.0,0.0,113.119038399867,68.9522922026527,64.94623245655869
43,C1,OLA,3,-26.34,49.349999999999994,7.82,1.0,0.0,128.05889305106646,1.5275143207184605,92.6781485649773
44,C2,OLA,3,-26.43,49.78999999999999,9.279999999999994,1.0,0.0,115.64632231991085,1.5369124893760295,128.08894137211504
45,C3,OLA,3,-26.04,51.25,9.559999999999995,1.0,0.0,106.55959902987676,1.5297712247261106,176.4281690125279
46,C4,OLA,3,-26.29,51.489999999999995,11.050000000000004,1.0,0.0,114.72798240599951,1.5337861650177937,167.66470656609758
47,C5,OLA,3,-25.689999999999998,52.78999999999999,11.600000000000001,1.0,0.0,108.46584179915823,1.52528685826634,177.1322577108191
48,C6,OLA,3,-25.96,52.849999999999994,13.100000000000001,1.0,0.0,111.99700759333469,1.5280706789936136,149.14207718456453
49,C7,OLA,3,-24.86,53.599999999999994,13.850000000000001,1.0,0.0,115.7511715145924,1.5356431877229824,175.52238704912068
50,C8,OLA,3,-24.99,53.61999999999999,15.380000000000003,1.0,0.0,107.06407085312694,1.5327752607606846,178.36690838959464
51,C9,OLA,3,-23.82,54.44999999999999,15.919999999999995,1.0,0.0,123.79632478926915,1.3918692467326181,168.9084458075275
52,C10,OLA,3,-23.72,54.879999999999995,17.240000000000002,1.0,0.0,123.32257462520224,1.532905737480291,2.171498950194207
53,C11,OLA,3,-24.75,54.53,18.32,1.0,0.0,105.28335627590337,1.5247622765533044,167.813328090306
54,C12,OLA,3,-24.099999999999998,54.92999999999999,19.640000000000008,1.0,0.0,117.24967960451951,1.5373678805022497,164.7862103760021
55,C13,OLA,3,-24.73,54.379999999999995,20.93,1.0,0.0,109.34192169468722,1.531078051570206,178.05292920299684
56,C14,OLA,3,-23.97,54.92999999999999,22.140000000000008,1.0,0.0,113.5382146351344,1.532090075680919,177.35434459645504
57,C15,OLA,3,-24.48,54.39,23.479999999999997,1.0,0.0,109.88888963333685,1.5295097253695389,158.2864378199474
58,C16,OLA,3,-24.08,55.33999999999999,24.610000000000007,1.0,0.0,105.25369024172677,1.5255818562109305,177.06347623074538
59,C17,OLA,3,-24.57,54.67,25.890000000000008,1.0,0.0,109.00257882722399,1.5235156710713529,161.5679693155408
60,C18,OLA,3,-23.84,55.28,27.080000000000005,1.0,0.0,119.3695935069512,1.2311376852326468,35.94976425639403
61,O19,OLA,3,-22.66,55.61,26.96,1.0,0.0,29.56566170640673,2.2859790025282387,177.50648355339956
62,O20,OLA,3,-24.54,55.379999999999995,28.240000000000002,1.0,0.0,137.42423042225235,1.0017484714238405,2.9135243710951872
63,H21,OLA,3,-25.49,55.08999999999999,28.110000000000007,1.0,0.0,119.19821939949848,13.98977483735889,36.017990690238335
64,C1,OLA,4,-32.01,58.239999999999995,16.140000000000008,1.0,0.0,47.17137518941067,1.5352524222420216,88.11595003126219
65,C2,OLA,4,-31.85,58.989999999999995,17.470000000000006,1.0,0.0,113.76679113434464,1.5305554547287623,37.10110314642568
66,C3,OLA,4,-31.89,58.08,18.699999999999996,1.0,0.0,106.99256439323271,1.5300653580811518,173.64410477531592
67,C4,OLA,4,-31.88,58.989999999999995,19.93,1.0,0.0,118.55800830738299,1.5232859219463655,178.04825464924832
68,C5,OLA,4,-31.96,58.349999999999994,21.309999999999995,1.0,0.0,111.51581147225437,1.5332644912082165,169.5169033510974
69,C6,OLA,4,-31.68,59.36999999999999,22.419999999999995,1.0,0.0,116.89204188043237,1.5271542161811995,168.04570428918348
70,C7,OLA,4,-32.0,58.94,23.85,1.0,0.0,101.47902146733335,1.5382457540978327,167.45523823884116
71,C8,OLA,4,-31.909999999999997,60.28,24.6,1.0,0.0,109.95755703616805,1.5326447729333812,164.96507166136195
72,C9,OLA,4,-31.83,60.03,26.110000000000007,1.0,0.0,118.61759125168632,1.3901798444805533,172.5843078229928
73,C10,OLA,4,-31.9,61.11999999999999,26.970000000000006,1.0,0.0,127.6976206346647,1.5258440287264015,5.800602848870237
74,C11,OLA,4,-31.93,62.599999999999994,26.6,1.0,0.0,104.01707455064542,1.5301307133705877,176.16942398839927
75,C12,OLA,4,-31.909999999999997,63.31999999999999,27.949999999999996,1.0,0.0,113.12403276691238,1.5381482373295505,177.37959591933614
76,C13,OLA,4,-32.0,64.85,27.82,1.0,0.0,5.029140418989476,89.41033105855273,32.334847254869324
77,C14,OLA,4,-31.229999999999997,-24.55,28.940000000000005,1.0,0.0,7.392684846743951,1.5237125713204591,107.23719122701162
78,C15,OLA,4,-31.43,-23.04,28.979999999999997,1.0,0.0,109.95762804102158,1.5326447729333703,40.73992770644133
79,C16,OLA,4,-30.75,-22.39,27.770000000000003,1.0,0.0,108.1674820764065,1.527186956466036,179.29287772471588
80,C17,OLA,4,-30.96,-20.880000000000003,27.860000000000007,1.0,0.0,109.61437415838566,1.5298692754611505,171.49124498335317
81,C18,OLA,4,-30.119999999999997,-20.18,26.79,1.0,0.0,128.33907286960934,1.2221292893961724,10.868953036332229
82,O19,OLA,4,-29.52,-20.68,25.85,1.0,0.0,32.6659383335196,2.219031320193561,179.78078935873177
83,O20,OLA,4,-30.06,-18.830000000000002,26.949999999999996,1.0,0.0,140.573391814506,1.0050373127401833,6.049579715652175
84,H21,OLA,4,-30.64,-18.520000000000003,27.71,1.0,0.0,0.0,0.0,0.0
