,REMARK,Cx,1DPP,COMPLIES,X,Y,Z,"2.0,",18-NOV-1998
ATOM,1,C1,OLA,1,44.29,24.62,58.04,1.0,0.0
ATOM,2,C2,OLA,1,44.63,25.19,56.66,1.0,0.0
ATOM,3,C3,OLA,1,46.04,24.71,56.29,1.0,0.0
ATOM,4,C4,OLA,1,46.633,25.145,54.943,1.0,0.0
ATOM,5,C5,OLA,1,47.982,24.428,54.865,1.0,0.0
ATOM,6,C6,OLA,1,48.774,24.896,53.644,1.0,0.0
ATOM,7,C7,OLA,1,50.07,25.559,54.111,1.0,0.0
ATOM,8,C8,OLA,1,51.236,26.06,53.245,1.0,0.0
ATOM,9,C9,OLA,1,52.385,26.721,53.998,1.0,0.0
ATOM,10,C10,OLA,1,53.32,27.533,53.36,1.0,0.0
ATOM,11,C11,OLA,1,54.428,28.335,54.033,1.0,0.0
ATOM,12,C12,OLA,1,55.327,28.955,52.964,1.0,0.0
ATOM,13,C13,OLA,1,55.365,30.484,52.876,1.0,0.0
ATOM,14,C14,OLA,1,56.384,30.987,51.853,1.0,0.0
ATOM,15,C15,OLA,1,56.235,32.487,51.621,1.0,0.0
ATOM,16,C16,OLA,1,57.322,33.095,50.731,1.0,0.0
ATOM,17,C17,OLA,1,56.924,34.51,50.312,1.0,0.0
ATOM,18,C18,OLA,1,57.975,35.283,49.518,1.0,0.0
ATOM,20,O20,OLA,1,57.452,36.081,48.544,1.0,0.0
ATOM,21,H21,OLA,1,56.525,35.719,48.618,1.0,0.0
ATOM,22,C1,OLA,2,45.61,20.22,58.17,1.0,0.0
ATOM,23,C2,OLA,2,46.73,19.35,57.59,1.0,0.0
ATOM,24,C3,OLA,2,48.0,20.19,57.4,1.0,0.0
ATOM,25,C4,OLA,2,48.51,19.95,55.97,1.0,0.0
ATOM,26,C5,OLA,2,49.771,20.702,55.565,1.0,0.0
ATOM,27,C6,OLA,2,49.936,20.888,54.054,1.0,0.0
ATOM,28,C7,OLA,2,51.261,21.575,53.73,1.0,0.0
ATOM,29,C8,OLA,2,51.046,21.781,52.225,1.0,0.0
ATOM,30,C9,OLA,2,52.285,22.438,51.618,1.0,0.0
ATOM,31,C10,OLA,2,52.306,22.955,50.324,1.0,0.0
ATOM,32,C11,OLA,2,53.556,23.403,49.58,1.0,0.0
ATOM,33,C12,OLA,2,53.286,24.181,48.289,1.0,0.0
ATOM,34,C13,OLA,2,54.569,24.449,47.506,1.0,0.0
ATOM,35,C14,OLA,2,54.163,25.279,46.282,1.0,0.0
ATOM,36,C15,OLA,2,55.426,25.675,45.507,1.0,0.0
ATOM,37,C16,OLA,2,55.143,26.356,44.171,1.0,0.0
ATOM,38,C17,OLA,2,56.302,27.284,43.77,1.0,0.0
ATOM,39,C18,OLA,2,56.024,28.001,42.456,1.0,0.0
ATOM,41,O20,OLA,2,57.079,28.419,41.707,1.0,0.0
ATOM,42,H21,OLA,2,56.716,28.781,40.854,1.0,0.0
ATOM,43,C1,OLA,3,17.95,73.97,65.86,1.0,0.0
ATOM,44,C2,OLA,3,17.86,74.41,67.32,1.0,0.0
ATOM,45,C3,OLA,3,18.25,75.87,67.6,1.0,0.0
ATOM,46,C4,OLA,3,18.173,76.059,69.116,1.0,0.0
ATOM,47,C5,OLA,3,18.807,77.356,69.634,1.0,0.0
ATOM,48,C6,OLA,3,18.716,77.364,71.157,1.0,0.0
ATOM,49,C7,OLA,3,18.59,78.781,71.715,1.0,0.0
ATOM,50,C8,OLA,3,18.599,78.898,73.246,1.0,0.0
ATOM,51,C9,OLA,3,18.506,80.39,73.584,1.0,0.0
ATOM,52,C10,OLA,3,18.265,80.88,74.864,1.0,0.0
ATOM,53,C11,OLA,3,18.221,82.376,75.198,1.0,0.0
ATOM,54,C12,OLA,3,18.176,83.088,73.851,1.0,0.0
ATOM,55,C13,OLA,3,17.768,84.57,73.852,1.0,0.0
ATOM,56,C14,OLA,3,17.83,85.113,72.421,1.0,0.0
ATOM,57,C15,OLA,3,17.378,86.572,72.301,1.0,0.0
ATOM,58,C16,OLA,3,17.955,87.193,71.028,1.0,0.0
ATOM,59,C17,OLA,3,17.506,88.65,71.052,1.0,0.0
ATOM,60,C18,OLA,3,18.383,89.455,70.101,1.0,0.0
ATOM,62,O20,OLA,3,17.79,90.491,69.453,1.0,0.0
ATOM,63,H21,OLA,3,18.458,91.003,68.91,1.0,0.0
ATOM,106,C1,OLA,6,58.25,4.73,64.0,1.0,0.0
ATOM,107,C2,OLA,6,58.59,5.21,65.42,1.0,0.0
ATOM,108,C3,OLA,6,57.37,5.38,66.33,1.0,0.0
ATOM,109,C4,OLA,6,57.76,5.36,67.81,1.0,0.0
ATOM,110,C5,OLA,6,56.6,5.75,68.73,1.0,0.0
ATOM,111,C6,OLA,6,57.055,5.852,70.184,1.0,0.0
ATOM,112,C7,OLA,6,55.849,6.348,70.972,1.0,0.0
ATOM,113,C8,OLA,6,56.307,6.922,72.321,1.0,0.0
ATOM,114,C9,OLA,6,55.482,6.481,73.534,1.0,0.0
ATOM,115,C10,OLA,6,55.649,6.908,74.85,1.0,0.0
ATOM,116,C11,OLA,6,54.623,6.579,75.936,1.0,0.0
ATOM,117,C12,OLA,6,55.265,7.06,77.235,1.0,0.0
ATOM,118,C13,OLA,6,54.232,7.108,78.363,1.0,0.0
ATOM,119,C14,OLA,6,55.011,7.674,79.56,1.0,0.0
ATOM,120,C15,OLA,6,54.078,7.743,80.765,1.0,0.0
ATOM,121,C16,OLA,6,54.689,8.067,82.123,1.0,0.0
ATOM,122,C17,OLA,6,53.6,8.442,83.128,1.0,0.0
ATOM,123,C18,OLA,6,54.127,8.917,84.481,1.0,0.0
ATOM,125,O20,OLA,6,54.251,8.022,85.5,1.0,0.0
ATOM,126,H21,OLA,6,54.223,8.482,86.395,1.0,0.0
ATOM,127,C1,OLA,7,9.3,8.81,54.7,1.0,0.0
ATOM,128,C2,OLA,7,9.4,10.18,54.02,1.0,0.0
ATOM,129,C3,OLA,7,9.28,10.07,52.49,1.0,0.0
ATOM,130,C4,OLA,7,9.689,11.341,51.735,1.0,0.0
ATOM,131,C5,OLA,7,11.005,11.106,51.004,1.0,0.0
ATOM,132,C6,OLA,7,11.684,12.428,50.654,1.0,0.0
ATOM,133,C7,OLA,7,13.016,12.201,49.92,1.0,0.0
ATOM,134,C8,OLA,7,14.014,13.324,50.182,1.0,0.0
ATOM,135,C9,OLA,7,15.467,13.012,49.816,1.0,0.0
ATOM,136,C10,OLA,7,16.498,13.77,50.345,1.0,0.0
ATOM,137,C11,OLA,7,17.962,13.536,49.966,1.0,0.0
ATOM,138,C12,OLA,7,18.973,14.396,50.725,1.0,0.0
ATOM,139,C13,OLA,7,20.345,14.222,50.085,1.0,0.0
ATOM,140,C14,OLA,7,21.408,15.163,50.661,1.0,0.0
ATOM,141,C15,OLA,7,22.787,14.888,50.068,1.0,0.0
ATOM,142,C16,OLA,7,23.841,15.874,50.577,1.0,0.0
ATOM,143,C17,OLA,7,25.205,15.405,50.037,1.0,0.0
ATOM,144,C18,OLA,7,26.273,16.332,50.617,1.0,0.0
ATOM,146,O20,OLA,7,27.308,16.516,49.757,1.0,0.0
ATOM,147,H21,OLA,7,27.804,17.195,50.295,1.0,0.0
ATOM,148,C1,OLA,8,23.84,10.59,67.11,1.0,0.0
ATOM,149,C2,OLA,8,24.8,10.86,68.27,1.0,0.0
ATOM,150,C3,OLA,8,26.23,11.24,67.88,1.0,0.0
ATOM,151,C4,OLA,8,26.758,10.823,66.503,1.0,0.0
ATOM,152,C5,OLA,8,28.184,11.261,66.163,1.0,0.0
ATOM,153,C6,OLA,8,28.5,10.965,64.697,1.0,0.0
ATOM,154,C7,OLA,8,29.629,9.996,64.331,1.0,0.0
ATOM,155,C8,OLA,8,30.348,10.269,63.004,1.0,0.0
ATOM,156,C9,OLA,8,31.499,9.287,62.803,1.0,0.0
ATOM,157,C10,OLA,8,32.509,9.508,61.867,1.0,0.0
ATOM,158,C11,OLA,8,33.667,8.556,61.572,1.0,0.0
ATOM,159,C12,OLA,8,33.363,7.289,62.372,1.0,0.0
ATOM,160,C13,OLA,8,31.878,7.201,62.738,1.0,0.0
ATOM,161,C14,OLA,8,31.788,5.877,63.502,1.0,0.0
ATOM,162,C15,OLA,8,30.367,5.743,64.059,1.0,0.0
ATOM,163,C16,OLA,8,30.327,4.8,65.26,1.0,0.0
ATOM,164,C17,OLA,8,28.884,4.647,65.736,1.0,0.0
ATOM,165,C18,OLA,8,28.81,3.875,67.063,1.0,0.0
ATOM,167,O20,OLA,8,27.69,4.2,67.771,1.0,0.0
ATOM,168,H21,OLA,8,27.874,3.816,68.681,1.0,0.0
ATOM,169,C1,OLA,9,29.28,29.03,64.8,1.0,0.0
ATOM,170,C2,OLA,9,29.6,29.35,66.26,1.0,0.0
ATOM,171,C3,OLA,9,30.73,28.51,66.85,1.0,0.0
ATOM,172,C4,OLA,9,31.156,29.129,68.185,1.0,0.0
ATOM,173,C5,OLA,9,30.561,28.516,69.453,1.0,0.0
ATOM,174,C6,OLA,9,31.1,28.95,70.822,1.0,0.0
ATOM,175,C7,OLA,9,30.069,28.491,71.859,1.0,0.0
ATOM,176,C8,OLA,9,30.548,28.897,73.258,1.0,0.0
ATOM,177,C9,OLA,9,30.956,27.659,74.064,1.0,0.0
ATOM,178,C10,OLA,9,31.432,27.71,75.369,1.0,0.0
ATOM,179,C11,OLA,9,31.711,26.506,76.264,1.0,0.0
ATOM,180,C12,OLA,9,32.31,26.872,77.626,1.0,0.0
ATOM,181,C13,OLA,9,32.353,25.756,78.67,1.0,0.0
ATOM,182,C14,OLA,9,33.054,26.296,79.923,1.0,0.0
ATOM,183,C15,OLA,9,32.992,25.305,81.086,1.0,0.0
ATOM,184,C16,OLA,9,33.684,25.686,82.402,1.0,0.0
ATOM,185,C17,OLA,9,33.922,24.429,83.237,1.0,0.0
ATOM,186,C18,OLA,9,35.372,23.945,83.369,1.0,0.0
ATOM,188,O20,OLA,9,35.887,23.841,84.617,1.0,0.0
ATOM,189,H21,OLA,9,36.75,23.336,84.593,1.0,0.0
ATOM,190,C1,OLA,10,28.82,19.14,65.79,1.0,0.0
ATOM,191,C2,OLA,10,28.69,18.87,67.29,1.0,0.0
ATOM,192,C3,OLA,10,29.21,20.03,68.14,1.0,0.0
ATOM,193,C4,OLA,10,29.182,19.583,69.602,1.0,0.0
ATOM,194,C5,OLA,10,29.961,20.677,70.334,1.0,0.0
ATOM,195,C6,OLA,10,30.06,20.129,71.758,1.0,0.0
ATOM,196,C7,OLA,10,30.905,21.125,72.562,1.0,0.0
ATOM,197,C8,OLA,10,31.011,20.742,74.035,1.0,0.0
ATOM,198,C9,OLA,10,31.384,21.916,74.937,1.0,0.0
ATOM,199,C10,OLA,10,31.531,21.777,76.316,1.0,0.0
ATOM,200,C11,OLA,10,32.072,22.855,77.253,1.0,0.0
ATOM,201,C12,OLA,10,32.254,22.343,78.679,1.0,0.0
ATOM,202,C13,OLA,10,32.592,23.473,79.662,1.0,0.0
ATOM,203,C14,OLA,10,32.12,22.94,81.014,1.0,0.0
ATOM,204,C15,OLA,10,32.328,23.975,82.125,1.0,0.0
ATOM,205,C16,OLA,10,31.724,23.523,83.457,1.0,0.0
ATOM,206,C17,OLA,10,32.019,24.573,84.529,1.0,0.0
ATOM,207,C18,OLA,10,31.315,24.455,85.882,1.0,0.0
ATOM,209,O20,OLA,10,32.089,24.271,86.983,1.0,0.0
ATOM,210,H21,OLA,10,31.495,24.431,87.766,1.0,0.0
ATOM,211,C1,OLA,11,23.96,26.26,62.0,1.0,0.0
ATOM,212,C2,OLA,11,24.52,25.8,63.35,1.0,0.0
ATOM,213,C3,OLA,11,24.25,24.32,63.63,1.0,0.0
ATOM,214,C4,OLA,11,24.77,24.01,65.03,1.0,0.0
ATOM,215,C5,OLA,11,24.993,25.192,65.981,1.0,0.0
ATOM,216,C6,OLA,11,26.0,24.701,67.027,1.0,0.0
ATOM,217,C7,OLA,11,26.618,25.964,67.633,1.0,0.0
ATOM,218,C8,OLA,11,27.576,25.635,68.775,1.0,0.0
ATOM,219,C9,OLA,11,28.651,26.695,68.995,1.0,0.0
ATOM,220,C10,OLA,11,29.688,26.564,69.915,1.0,0.0
ATOM,221,C11,OLA,11,30.567,27.756,70.287,1.0,0.0
ATOM,222,C12,OLA,11,31.619,27.459,71.36,1.0,0.0
ATOM,223,C13,OLA,11,32.441,28.684,71.777,1.0,0.0
ATOM,224,C14,OLA,11,33.198,28.29,73.051,1.0,0.0
ATOM,225,C15,OLA,11,33.632,29.525,73.838,1.0,0.0
ATOM,226,C16,OLA,11,34.466,29.111,75.054,1.0,0.0
ATOM,227,C17,OLA,11,34.907,30.384,75.797,1.0,0.0
ATOM,228,C18,OLA,11,35.984,30.212,76.87,1.0,0.0
ATOM,230,O20,OLA,11,37.285,30.402,76.563,1.0,0.0
ATOM,231,H21,OLA,11,37.816,30.274,77.408,1.0,0.0
ATOM,232,C1,OLA,12,41.25,16.15,59.53,1.0,0.0
ATOM,233,C2,OLA,12,41.45,15.5,58.16,1.0,0.0
ATOM,234,C3,OLA,12,40.23,14.71,57.68,1.0,0.0
ATOM,235,C4,OLA,12,40.4,14.64,56.16,1.0,0.0
ATOM,236,C5,OLA,12,39.26,15.205,55.325,1.0,0.0
ATOM,237,C6,OLA,12,39.485,15.175,53.805,1.0,0.0
ATOM,238,C7,OLA,12,38.214,15.659,53.108,1.0,0.0
ATOM,239,C8,OLA,12,38.187,15.81,51.592,1.0,0.0
ATOM,240,C9,OLA,12,36.838,16.334,51.109,1.0,0.0
ATOM,241,C10,OLA,12,36.39,16.507,49.807,1.0,0.0
ATOM,242,C11,OLA,12,34.946,16.909,49.508,1.0,0.0
ATOM,243,C12,OLA,12,34.813,16.673,48.007,1.0,0.0
ATOM,244,C13,OLA,12,33.483,17.266,47.567,1.0,0.0
ATOM,245,C14,OLA,12,33.201,17.095,46.073,1.0,0.0
ATOM,246,C15,OLA,12,31.794,17.636,45.827,1.0,0.0
ATOM,247,C16,OLA,12,31.562,17.755,44.319,1.0,0.0
ATOM,248,C17,OLA,12,30.092,18.037,44.001,1.0,0.0
ATOM,249,C18,OLA,12,29.851,18.126,42.498,1.0,0.0
ATOM,251,O20,OLA,12,29.623,19.363,41.987,1.0,0.0
ATOM,252,H21,OLA,12,29.467,19.261,40.994,1.0,0.0
ATOM,253,C1,OLA,13,43.93,75.76,55.83,1.0,0.0
ATOM,254,C2,OLA,13,42.53,75.16,55.71,1.0,0.0
ATOM,255,C3,OLA,13,42.4,73.67,55.38,1.0,0.0
ATOM,256,C4,OLA,13,41.897,73.371,53.964,1.0,0.0
ATOM,257,C5,OLA,13,41.65,71.861,53.961,1.0,0.0
ATOM,258,C6,OLA,13,41.207,71.269,52.621,1.0,0.0
ATOM,259,C7,OLA,13,41.386,69.759,52.462,1.0,0.0
ATOM,260,C8,OLA,13,40.861,69.332,51.086,1.0,0.0
ATOM,261,C9,OLA,13,41.073,67.877,50.677,1.0,0.0
ATOM,262,C10,OLA,13,40.337,67.205,49.711,1.0,0.0
ATOM,263,C11,OLA,13,40.585,65.781,49.205,1.0,0.0
ATOM,264,C12,OLA,13,39.519,65.3,48.217,1.0,0.0
ATOM,265,C13,OLA,13,39.668,63.856,47.744,1.0,0.0
ATOM,266,C14,OLA,13,38.601,63.492,46.713,1.0,0.0
ATOM,267,C15,OLA,13,38.445,61.981,46.462,1.0,0.0
ATOM,268,C16,OLA,13,37.37,61.755,45.397,1.0,0.0
ATOM,269,C17,OLA,13,37.122,60.247,45.327,1.0,0.0
ATOM,270,C18,OLA,13,36.068,59.975,44.247,1.0,0.0
ATOM,272,O20,OLA,13,36.379,58.831,43.581,1.0,0.0
ATOM,273,H21,OLA,13,35.563,58.666,43.025,1.0,0.0
ATOM,274,C1,OLA,14,14.09,17.7,57.61,1.0,0.0
ATOM,275,C2,OLA,14,13.89,17.42,56.11,1.0,0.0
ATOM,276,C3,OLA,14,15.3,17.42,55.53,1.0,0.0
ATOM,277,C4,OLA,14,15.31,16.97,54.06,1.0,0.0
ATOM,278,C5,OLA,14,16.65,16.73,53.38,1.0,0.0
ATOM,279,C6,OLA,14,16.332,16.145,52.006,1.0,0.0
ATOM,280,C7,OLA,14,14.84,15.826,51.863,1.0,0.0
ATOM,281,C8,OLA,14,14.424,15.242,50.515,1.0,0.0
ATOM,282,C9,OLA,14,12.952,14.839,50.671,1.0,0.0
ATOM,283,C10,OLA,14,12.044,14.525,49.665,1.0,0.0
ATOM,284,C11,OLA,14,10.613,14.105,50.016,1.0,0.0
ATOM,285,C12,OLA,14,9.731,13.85,48.799,1.0,0.0
ATOM,286,C13,OLA,14,8.346,13.325,49.182,1.0,0.0
ATOM,287,C14,OLA,14,7.638,12.941,47.877,1.0,0.0
ATOM,288,C15,OLA,14,6.301,12.283,48.19,1.0,0.0
ATOM,289,C16,OLA,14,5.463,12.255,46.913,1.0,0.0
ATOM,290,C17,OLA,14,4.381,11.171,46.929,1.0,0.0
ATOM,291,C18,OLA,14,3.582,11.311,45.629,1.0,0.0
ATOM,293,O20,OLA,14,3.971,10.541,44.577,1.0,0.0
ATOM,294,H21,OLA,14,3.509,10.984,43.813,1.0,0.0
ATOM,295,C1,OLA,15,34.63,71.98,58.64,1.0,0.0
ATOM,296,C2,OLA,15,34.51,71.45,57.21,1.0,0.0
ATOM,297,C3,OLA,15,34.7,72.58,56.19,1.0,0.0
ATOM,298,C4,OLA,15,34.64,72.07,54.738,1.0,0.0
ATOM,299,C5,OLA,15,34.778,73.299,53.845,1.0,0.0
ATOM,300,C6,OLA,15,34.128,73.039,52.487,1.0,0.0
ATOM,301,C7,OLA,15,34.021,74.367,51.738,1.0,0.0
ATOM,302,C8,OLA,15,34.174,74.038,50.257,1.0,0.0
ATOM,303,C9,OLA,15,33.235,74.757,49.283,1.0,0.0
ATOM,304,C10,OLA,15,33.194,74.599,47.912,1.0,0.0
ATOM,305,C11,OLA,15,32.183,75.396,47.08,1.0,0.0
ATOM,306,C12,OLA,15,32.387,74.955,45.631,1.0,0.0
ATOM,307,C13,OLA,15,31.578,75.776,44.622,1.0,0.0
ATOM,308,C14,OLA,15,31.789,75.145,43.243,1.0,0.0
ATOM,309,C15,OLA,15,31.377,76.044,42.084,1.0,0.0
ATOM,310,C16,OLA,15,31.803,75.313,40.81,1.0,0.0
ATOM,311,C17,OLA,15,31.22,75.969,39.564,1.0,0.0
ATOM,312,C18,OLA,15,31.651,75.295,38.256,1.0,0.0
ATOM,314,O20,OLA,15,31.261,75.77,37.046,1.0,0.0
ATOM,315,H21,OLA,15,31.813,75.209,36.424,1.0,0.0
ATOM,316,C1,OLA,16,55.64,7.31,61.32,1.0,0.0
ATOM,317,C2,OLA,16,55.86,7.41,62.83,1.0,0.0
ATOM,318,C3,OLA,16,54.43,7.35,63.38,1.0,0.0
ATOM,319,C4,OLA,16,54.66,7.49,64.89,1.0,0.0
ATOM,320,C5,OLA,16,53.31,7.84,65.53,1.0,0.0
ATOM,321,C6,OLA,16,53.488,8.369,66.949,1.0,0.0
ATOM,322,C7,OLA,16,52.214,8.903,67.603,1.0,0.0
ATOM,323,C8,OLA,16,52.334,9.647,68.935,1.0,0.0
ATOM,324,C9,OLA,16,50.98,9.474,69.626,1.0,0.0
ATOM,325,C10,OLA,16,50.722,9.906,70.93,1.0,0.0
ATOM,326,C11,OLA,16,49.362,9.75,71.604,1.0,0.0
ATOM,327,C12,OLA,16,49.438,10.429,72.978,1.0,0.0
ATOM,328,C13,OLA,16,48.112,10.462,73.735,1.0,0.0
ATOM,329,C14,OLA,16,46.903,10.006,72.922,1.0,0.0
ATOM,330,C15,OLA,16,45.681,10.084,73.843,1.0,0.0
ATOM,331,C16,OLA,16,44.349,9.996,73.095,1.0,0.0
ATOM,332,C17,OLA,16,43.231,10.0,74.15,1.0,0.0
ATOM,333,C18,OLA,16,41.804,9.929,73.61,1.0,0.0
ATOM,335,O20,OLA,16,41.156,8.733,73.519,1.0,0.0
ATOM,336,H21,OLA,16,40.305,9.008,73.078,1.0,0.0
ATOM,42137,C1,OLA,817,51.97,66.91,57.2,1.0,0.0
ATOM,42138,C2,OLA,817,52.17,67.68,55.89,1.0,0.0
ATOM,42139,C3,OLA,817,50.83,67.96,55.2,1.0,0.0
ATOM,42140,C4,OLA,817,51.08,68.27,53.73,1.0,0.0
ATOM,42141,C5,OLA,817,49.76,68.63,53.04,1.0,0.0
ATOM,42142,C6,OLA,817,50.008,69.141,51.612,1.0,0.0
ATOM,42143,C7,OLA,817,48.743,69.581,50.883,1.0,0.0
ATOM,42144,C8,OLA,817,48.985,70.152,49.485,1.0,0.0
ATOM,42145,C9,OLA,817,47.649,70.269,48.748,1.0,0.0
ATOM,42146,C10,OLA,817,47.584,70.723,47.426,1.0,0.0
ATOM,42147,C11,OLA,817,46.38,70.895,46.509,1.0,0.0
ATOM,42148,C12,OLA,817,46.794,71.164,45.062,1.0,0.0
ATOM,42149,C13,OLA,817,45.656,70.869,44.075,1.0,0.0
ATOM,42150,C14,OLA,817,46.145,71.105,42.655,1.0,0.0
ATOM,42151,C15,OLA,817,45.186,70.381,41.708,1.0,0.0
ATOM,42152,C16,OLA,817,45.538,70.754,40.272,1.0,0.0
ATOM,42153,C17,OLA,817,44.507,71.697,39.637,1.0,0.0
ATOM,42154,C18,OLA,817,44.888,72.16,38.227,1.0,0.0
ATOM,42156,O20,OLA,817,43.871,72.51,37.383,1.0,0.0
ATOM,42157,H21,OLA,817,44.36,72.948,36.626,1.0,0.0
ATOM,42158,C1,OLA,818,50.89,62.75,57.32,1.0,0.0
ATOM,42159,C2,OLA,818,50.34,63.6,56.18,1.0,0.0
ATOM,42160,C3,OLA,818,50.02,62.58,55.09,1.0,0.0
ATOM,42161,C4,OLA,818,49.87,63.28,53.74,1.0,0.0
ATOM,42162,C5,OLA,818,51.04,62.946,52.812,1.0,0.0
ATOM,42163,C6,OLA,818,50.939,63.913,51.628,1.0,0.0
ATOM,42164,C7,OLA,818,52.32,63.967,50.975,1.0,0.0
ATOM,42165,C8,OLA,818,52.175,64.817,49.706,1.0,0.0
ATOM,42166,C9,OLA,818,53.472,65.188,48.981,1.0,0.0
ATOM,42167,C10,OLA,818,53.53,65.769,47.727,1.0,0.0
ATOM,42168,C11,OLA,818,54.818,66.225,47.025,1.0,0.0
ATOM,42169,C12,OLA,818,54.548,66.841,45.657,1.0,0.0
ATOM,42170,C13,OLA,818,55.832,66.951,44.835,1.0,0.0
ATOM,42171,C14,OLA,818,55.479,67.422,43.43,1.0,0.0
ATOM,42172,C15,OLA,818,56.709,67.614,42.526,1.0,0.0
ATOM,42173,C16,OLA,818,56.28,68.03,41.112,1.0,0.0
ATOM,42174,C17,OLA,818,57.396,67.708,40.123,1.0,0.0
ATOM,42175,C18,OLA,818,57.076,67.721,38.626,1.0,0.0
ATOM,42177,O20,OLA,818,57.93,67.163,37.717,1.0,0.0
ATOM,42178,H21,OLA,818,57.43,67.023,36.865,1.0,0.0
ATOM,42179,C1,OLA,819,17.8,36.92,64.9,1.0,0.0
ATOM,42180,C2,OLA,819,18.8,36.73,66.05,1.0,0.0
ATOM,42181,C3,OLA,819,18.25,35.47,66.73,1.0,0.0
ATOM,42182,C4,OLA,819,19.17,34.921,67.822,1.0,0.0
ATOM,42183,C5,OLA,819,18.446,33.873,68.669,1.0,0.0
ATOM,42184,C6,OLA,819,19.462,33.419,69.725,1.0,0.0
ATOM,42185,C7,OLA,819,18.737,32.54,70.752,1.0,0.0
ATOM,42186,C8,OLA,819,19.745,32.333,71.878,1.0,0.0
ATOM,42187,C9,OLA,819,19.063,31.682,73.087,1.0,0.0
ATOM,42188,C10,OLA,819,19.744,30.999,74.089,1.0,0.0
ATOM,42189,C11,OLA,819,19.017,30.551,75.357,1.0,0.0
ATOM,42190,C12,OLA,819,20.124,29.924,76.215,1.0,0.0
ATOM,42191,C13,OLA,819,19.719,29.471,77.607,1.0,0.0
ATOM,42192,C14,OLA,819,20.896,28.818,78.335,1.0,0.0
ATOM,42193,C15,OLA,819,20.333,28.337,79.669,1.0,0.0
ATOM,42194,C16,OLA,819,21.526,28.19,80.617,1.0,0.0
ATOM,42195,C17,OLA,819,20.961,27.721,81.958,1.0,0.0
ATOM,42196,C18,OLA,819,22.195,27.505,82.842,1.0,0.0
ATOM,42198,O20,OLA,819,22.138,28.091,84.068,1.0,0.0
ATOM,42199,H21,OLA,819,23.0,27.938,84.537,1.0,0.0
ATOM,42200,C1,OLA,820,12.36,42.74,66.5,1.0,0.0
ATOM,42201,C2,OLA,820,12.2,42.93,68.01,1.0,0.0
ATOM,42202,C3,OLA,820,12.61,41.61,68.67,1.0,0.0
ATOM,42203,C4,OLA,820,12.752,41.956,70.16,1.0,0.0
ATOM,42204,C5,OLA,820,13.256,40.726,70.924,1.0,0.0
ATOM,42205,C6,OLA,820,14.258,40.899,72.065,1.0,0.0
ATOM,42206,C7,OLA,820,14.909,39.594,72.504,1.0,0.0
ATOM,42207,C8,OLA,820,15.941,39.834,73.608,1.0,0.0
ATOM,42208,C9,OLA,820,16.283,38.762,74.634,1.0,0.0
ATOM,42209,C10,OLA,820,17.331,38.869,75.538,1.0,0.0
ATOM,42210,C11,OLA,820,17.79,37.756,76.485,1.0,0.0
ATOM,42211,C12,OLA,820,19.122,38.115,77.144,1.0,0.0
ATOM,42212,C13,OLA,820,19.611,37.065,78.141,1.0,0.0
ATOM,42213,C14,OLA,820,20.85,37.43,78.957,1.0,0.0
ATOM,42214,C15,OLA,820,20.979,36.571,80.219,1.0,0.0
ATOM,42215,C16,OLA,820,22.121,37.024,81.131,1.0,0.0
ATOM,42216,C17,OLA,820,22.356,36.049,82.275,1.0,0.0
ATOM,42217,C18,OLA,820,23.671,35.294,82.038,1.0,0.0
ATOM,42219,O20,OLA,820,23.632,34.099,81.388,1.0,0.0
ATOM,42220,H21,OLA,820,22.743,33.66,81.513,1.0,0.0
ATOM,42221,C1,OLA,821,31.29,37.03,66.33,1.0,0.0
ATOM,42222,C2,OLA,821,32.47,37.94,65.98,1.0,0.0
ATOM,42223,C3,OLA,821,33.11,37.75,64.6,1.0,0.0
ATOM,42224,C4,OLA,821,34.4,38.57,64.5,1.0,0.0
ATOM,42225,C5,OLA,821,35.12,38.2,63.2,1.0,0.0
ATOM,42226,C6,OLA,821,36.416,38.95,62.917,1.0,0.0
ATOM,42227,C7,OLA,821,36.466,39.783,61.631,1.0,0.0
ATOM,42228,C8,OLA,821,37.83,40.48,61.681,1.0,0.0
ATOM,42229,C9,OLA,821,38.19,41.382,60.503,1.0,0.0
ATOM,42230,C10,OLA,821,39.17,42.373,60.578,1.0,0.0
ATOM,42231,C11,OLA,821,39.462,43.433,59.518,1.0,0.0
ATOM,42232,C12,OLA,821,40.927,43.792,59.251,1.0,0.0
ATOM,42233,C13,OLA,821,41.241,44.877,58.217,1.0,0.0
ATOM,42234,C14,OLA,821,42.743,45.124,58.241,1.0,0.0
ATOM,42235,C15,OLA,821,43.024,46.051,57.062,1.0,0.0
ATOM,42236,C16,OLA,821,44.377,46.75,57.24,1.0,0.0
ATOM,42237,C17,OLA,821,44.807,47.566,56.019,1.0,0.0
ATOM,42238,C18,OLA,821,46.056,48.406,56.293,1.0,0.0
ATOM,42240,O20,OLA,821,45.782,49.71,56.534,1.0,0.0
ATOM,42241,H21,OLA,821,46.673,50.033,56.848,1.0,0.0
ATOM,42242,C1,OLA,822,54.24,53.01,62.52,1.0,0.0
ATOM,42243,C2,OLA,822,53.94,52.61,63.97,1.0,0.0
ATOM,42244,C3,OLA,822,54.71,51.44,64.59,1.0,0.0
ATOM,42245,C4,OLA,822,53.856,50.719,65.624,1.0,0.0
ATOM,42246,C5,OLA,822,54.82,49.815,66.386,1.0,0.0
ATOM,42247,C6,OLA,822,54.034,49.319,67.604,1.0,0.0
ATOM,42248,C7,OLA,822,54.908,48.617,68.651,1.0,0.0
ATOM,42249,C8,OLA,822,54.156,48.642,69.978,1.0,0.0
ATOM,42250,C9,OLA,822,52.832,49.395,69.798,1.0,0.0
ATOM,42251,C10,OLA,822,51.859,49.608,70.77,1.0,0.0
ATOM,42252,C11,OLA,822,50.512,50.315,70.573,1.0,0.0
ATOM,42253,C12,OLA,822,49.979,50.774,71.933,1.0,0.0
ATOM,42254,C13,OLA,822,48.45,50.869,71.977,1.0,0.0
ATOM,42255,C14,OLA,822,48.029,51.331,73.371,1.0,0.0
ATOM,42256,C15,OLA,822,46.566,51.771,73.466,1.0,0.0
ATOM,42257,C16,OLA,822,46.091,52.001,74.906,1.0,0.0
ATOM,42258,C17,OLA,822,44.578,52.198,74.992,1.0,0.0
ATOM,42259,C18,OLA,822,44.046,52.354,76.422,1.0,0.0
ATOM,42261,O20,OLA,822,43.041,53.223,76.709,1.0,0.0
ATOM,42262,H21,OLA,822,42.698,52.919,77.598,1.0,0.0
ATOM,42263,C1,OLA,823,15.04,57.23,64.03,1.0,0.0
ATOM,42264,C2,OLA,823,15.47,57.22,62.57,1.0,0.0
ATOM,42265,C3,OLA,823,14.36,57.72,61.65,1.0,0.0
ATOM,42266,C4,OLA,823,14.822,57.655,60.192,1.0,0.0
ATOM,42267,C5,OLA,823,13.674,57.924,59.232,1.0,0.0
ATOM,42268,C6,OLA,823,14.128,57.61,57.805,1.0,0.0
ATOM,42269,C7,OLA,823,12.925,57.431,56.881,1.0,0.0
ATOM,42270,C8,OLA,823,13.215,56.709,55.561,1.0,0.0
ATOM,42271,C9,OLA,823,11.833,56.512,54.935,1.0,0.0
ATOM,42272,C10,OLA,823,11.559,55.7,53.849,1.0,0.0
ATOM,42273,C11,OLA,823,10.128,55.744,53.29,1.0,0.0
ATOM,42274,C12,OLA,823,9.362,56.289,54.5,1.0,0.0
ATOM,42275,C13,OLA,823,8.166,57.167,54.129,1.0,0.0
ATOM,42276,C14,OLA,823,7.376,57.604,55.371,1.0,0.0
ATOM,42277,C15,OLA,823,6.136,58.44,55.036,1.0,0.0
ATOM,42278,C16,OLA,823,5.34,58.783,56.292,1.0,0.0
ATOM,42279,C17,OLA,823,4.48,60.027,56.018,1.0,0.0
ATOM,42280,C18,OLA,823,3.454,60.195,57.13,1.0,0.0
ATOM,42282,O20,OLA,823,2.195,60.488,56.71,1.0,0.0
ATOM,42283,H21,OLA,823,1.728,60.753,57.558,1.0,0.0
ATOM,42284,C1,OLA,824,30.36,55.76,68.21,1.0,0.0
ATOM,42285,C2,OLA,824,30.05,55.69,69.71,1.0,0.0
ATOM,42286,C3,OLA,824,31.12,54.93,70.5,1.0,0.0
ATOM,42287,C4,OLA,824,30.744,54.756,71.974,1.0,0.0
ATOM,42288,C5,OLA,824,32.023,54.308,72.677,1.0,0.0
ATOM,42289,C6,OLA,824,31.674,53.714,74.041,1.0,0.0
ATOM,42290,C7,OLA,824,32.542,54.276,75.164,1.0,0.0
ATOM,42291,C8,OLA,824,32.206,53.75,76.565,1.0,0.0
ATOM,42292,C9,OLA,824,33.056,54.305,77.724,1.0,0.0
ATOM,42293,C10,OLA,824,32.564,54.428,79.013,1.0,0.0
ATOM,42294,C11,OLA,824,33.406,55.162,80.055,1.0,0.0
ATOM,42295,C12,OLA,824,32.873,55.072,81.484,1.0,0.0
ATOM,42296,C13,OLA,824,34.004,55.278,82.492,1.0,0.0
ATOM,42297,C14,OLA,824,33.443,56.159,83.611,1.0,0.0
ATOM,42298,C15,OLA,824,34.275,56.358,84.885,1.0,0.0
ATOM,42299,C16,OLA,824,34.767,57.786,85.12,1.0,0.0
ATOM,42300,C17,OLA,824,35.249,57.859,86.571,1.0,0.0
ATOM,42301,C18,OLA,824,36.785,57.887,86.572,1.0,0.0
ATOM,42303,O20,OLA,824,37.348,56.856,87.247,1.0,0.0
ATOM,42304,H21,OLA,824,38.348,56.926,87.273,1.0,0.0
ATOM,42305,C1,OLA,825,29.06,69.32,65.69,1.0,0.0
ATOM,42306,C2,OLA,825,28.94,69.0,67.19,1.0,0.0
ATOM,42307,C3,OLA,825,30.36,69.23,67.71,1.0,0.0
ATOM,42308,C4,OLA,825,30.33,69.043,69.232,1.0,0.0
ATOM,42309,C5,OLA,825,31.685,69.213,69.927,1.0,0.0
ATOM,42310,C6,OLA,825,31.511,69.007,71.433,1.0,0.0
ATOM,42311,C7,OLA,825,32.521,68.074,72.098,1.0,0.0
ATOM,42312,C8,OLA,825,32.513,68.129,73.622,1.0,0.0
ATOM,42313,C9,OLA,825,33.42,67.089,74.296,1.0,0.0
ATOM,42314,C10,OLA,825,33.49,66.854,75.669,1.0,0.0
ATOM,42315,C11,OLA,825,34.419,65.936,76.45,1.0,0.0
ATOM,42316,C12,OLA,825,34.036,65.708,77.912,1.0,0.0
ATOM,42317,C13,OLA,825,35.045,64.807,78.635,1.0,0.0
ATOM,42318,C14,OLA,825,34.509,64.79,80.068,1.0,0.0
ATOM,42319,C15,OLA,825,35.264,63.673,80.788,1.0,0.0
ATOM,42320,C16,OLA,825,34.634,63.335,82.146,1.0,0.0
ATOM,42321,C17,OLA,825,35.354,62.292,83.004,1.0,0.0
ATOM,42322,C18,OLA,825,36.204,62.972,84.089,1.0,0.0
ATOM,42324,O20,OLA,825,37.512,63.241,83.858,1.0,0.0
ATOM,42325,H21,OLA,825,37.726,63.713,84.707,1.0,0.0
ATOM,42326,C1,OLA,826,25.19,62.45,66.22,1.0,0.0
ATOM,42327,C2,OLA,826,25.63,63.28,67.43,1.0,0.0
ATOM,42328,C3,OLA,826,26.78,62.64,68.2,1.0,0.0
ATOM,42329,C4,OLA,826,27.386,63.811,68.98,1.0,0.0
ATOM,42330,C5,OLA,826,28.459,63.416,69.986,1.0,0.0
ATOM,42331,C6,OLA,826,29.09,64.718,70.501,1.0,0.0
ATOM,42332,C7,OLA,826,30.61,64.598,70.544,1.0,0.0
ATOM,42333,C8,OLA,826,31.302,65.494,71.577,1.0,0.0
ATOM,42334,C9,OLA,826,32.76,65.028,71.589,1.0,0.0
ATOM,42335,C10,OLA,826,33.681,65.797,72.287,1.0,0.0
ATOM,42336,C11,OLA,826,35.122,65.449,72.672,1.0,0.0
ATOM,42337,C12,OLA,826,35.889,66.619,73.3,1.0,0.0
ATOM,42338,C13,OLA,826,37.386,66.324,73.309,1.0,0.0
ATOM,42339,C14,OLA,826,38.199,67.159,74.303,1.0,0.0
ATOM,42340,C15,OLA,826,37.288,68.155,75.029,1.0,0.0
ATOM,42341,C16,OLA,826,38.131,69.123,75.851,1.0,0.0
ATOM,42342,C17,OLA,826,37.122,70.06,76.516,1.0,0.0
ATOM,42343,C18,OLA,826,37.923,70.895,77.524,1.0,0.0
ATOM,42345,O20,OLA,826,38.178,72.197,77.229,1.0,0.0
ATOM,42346,H21,OLA,826,38.709,72.626,77.969,1.0,0.0
ATOM,42347,C1,OLA,827,21.73,61.94,68.93,1.0,0.0
ATOM,42348,C2,OLA,827,21.6,61.67,70.43,1.0,0.0
ATOM,42349,C3,OLA,827,22.83,62.17,71.2,1.0,0.0
ATOM,42350,C4,OLA,827,23.937,62.606,70.239,1.0,0.0
ATOM,42351,C5,OLA,827,25.029,63.235,71.111,1.0,0.0
ATOM,42352,C6,OLA,827,26.25,63.701,70.314,1.0,0.0
ATOM,42353,C7,OLA,827,27.271,64.233,71.312,1.0,0.0
ATOM,42354,C8,OLA,827,28.595,64.606,70.648,1.0,0.0
ATOM,42355,C9,OLA,827,29.486,65.541,71.476,1.0,0.0
ATOM,42356,C10,OLA,827,30.757,66.013,71.181,1.0,0.0
ATOM,42357,C11,OLA,827,31.515,65.563,69.931,1.0,0.0
ATOM,42358,C12,OLA,827,32.951,66.061,70.027,1.0,0.0
ATOM,42359,C13,OLA,827,33.764,65.577,68.823,1.0,0.0
ATOM,42360,C14,OLA,827,35.103,66.285,68.569,1.0,0.0
ATOM,42361,C15,OLA,827,35.643,65.941,67.182,1.0,0.0
ATOM,42362,C16,OLA,827,36.887,66.771,66.863,1.0,0.0
ATOM,42363,C17,OLA,827,37.329,66.622,65.411,1.0,0.0
ATOM,42364,C18,OLA,827,37.339,67.951,64.656,1.0,0.0
ATOM,42366,O20,OLA,827,37.013,67.722,63.353,1.0,0.0
ATOM,42367,H21,OLA,827,36.886,68.571,62.838,1.0,0.0
ATOM,42368,C1,OLA,828,43.14,65.2,59.69,1.0,0.0
ATOM,42369,C2,OLA,828,42.81,65.7,58.28,1.0,0.0
ATOM,42370,C3,OLA,828,42.64,64.39,57.49,1.0,0.0
ATOM,42371,C4,OLA,828,42.54,64.8,56.02,1.0,0.0
ATOM,42372,C5,OLA,828,42.39,63.5,55.23,1.0,0.0
ATOM,42373,C6,OLA,828,42.34,63.69,53.71,1.0,0.0
ATOM,42374,C7,OLA,828,43.568,63.439,52.83,1.0,0.0
ATOM,42375,C8,OLA,828,43.24,63.789,51.379,1.0,0.0
ATOM,42376,C9,OLA,828,44.426,63.506,50.463,1.0,0.0
ATOM,42377,C10,OLA,828,44.291,63.545,49.073,1.0,0.0
ATOM,42378,C11,OLA,828,45.494,63.36,48.16,1.0,0.0
ATOM,42379,C12,OLA,828,44.975,63.855,46.815,1.0,0.0
ATOM,42380,C13,OLA,828,45.992,63.5,45.729,1.0,0.0
ATOM,42381,C14,OLA,828,45.455,63.879,44.357,1.0,0.0
ATOM,42382,C15,OLA,828,46.648,63.981,43.411,1.0,0.0
ATOM,42383,C16,OLA,828,46.428,64.506,41.993,1.0,0.0
ATOM,42384,C17,OLA,828,47.642,64.314,41.083,1.0,0.0
ATOM,42385,C18,OLA,828,47.301,64.689,39.636,1.0,0.0
ATOM,42387,O20,OLA,828,47.74,65.922,39.266,1.0,0.0
ATOM,42388,H21,OLA,828,47.46,65.895,38.314,1.0,0.0
ATOM,42389,C1,OLA,829,43.09,30.25,57.32,1.0,0.0
ATOM,42390,C2,OLA,829,43.59,30.08,55.88,1.0,0.0
ATOM,42391,C3,OLA,829,43.37,28.65,55.4,1.0,0.0
ATOM,42392,C4,OLA,829,43.6,28.5,53.9,1.0,0.0
ATOM,42393,C5,OLA,829,43.37,27.0,53.65,1.0,0.0
ATOM,42394,C6,OLA,829,43.678,26.649,52.189,1.0,0.0
ATOM,42395,C7,OLA,829,43.991,25.156,52.087,1.0,0.0
ATOM,42396,C8,OLA,829,44.007,24.783,50.61,1.0,0.0
ATOM,42397,C9,OLA,829,43.872,23.262,50.457,1.0,0.0
ATOM,42398,C10,OLA,829,43.339,22.608,49.354,1.0,0.0
ATOM,42399,C11,OLA,829,43.07,21.104,49.431,1.0,0.0
ATOM,42400,C12,OLA,829,41.975,20.598,48.483,1.0,0.0
ATOM,42401,C13,OLA,829,41.69,19.113,48.713,1.0,0.0
ATOM,42402,C14,OLA,829,40.67,18.564,47.711,1.0,0.0
ATOM,42403,C15,OLA,829,40.29,17.112,47.993,1.0,0.0
ATOM,42404,C16,OLA,829,39.018,16.637,47.283,1.0,0.0
ATOM,42405,C17,OLA,829,38.546,15.199,47.461,1.0,0.0
ATOM,42406,C18,OLA,829,37.414,14.965,46.449,1.0,0.0
ATOM,42408,O20,OLA,829,36.221,14.71,47.05,1.0,0.0
ATOM,42409,H21,OLA,829,35.499,14.856,46.371,1.0,0.0
ATOM,42410,C1,OLA,830,13.98,62.33,61.08,1.0,0.0
ATOM,42411,C2,OLA,830,13.72,62.15,59.58,1.0,0.0
ATOM,42412,C3,OLA,830,15.08,62.0,58.88,1.0,0.0
ATOM,42413,C4,OLA,830,15.075,61.863,57.356,1.0,0.0
ATOM,42414,C5,OLA,830,16.465,62.184,56.802,1.0,0.0
ATOM,42415,C6,OLA,830,16.236,62.498,55.32,1.0,0.0
ATOM,42416,C7,OLA,830,17.544,62.618,54.533,1.0,0.0
ATOM,42417,C8,OLA,830,17.393,63.25,53.144,1.0,0.0
ATOM,42418,C9,OLA,830,18.749,63.515,52.493,1.0,0.0
ATOM,42419,C10,OLA,830,18.975,64.095,51.258,1.0,0.0
ATOM,42420,C11,OLA,830,20.285,64.493,50.571,1.0,0.0
ATOM,42421,C12,OLA,830,20.037,64.988,49.146,1.0,0.0
ATOM,42422,C13,OLA,830,21.397,65.091,48.455,1.0,0.0
ATOM,42423,C14,OLA,830,21.158,65.504,47.008,1.0,0.0
ATOM,42424,C15,OLA,830,22.366,65.541,46.071,1.0,0.0
ATOM,42425,C16,OLA,830,21.885,66.02,44.692,1.0,0.0
ATOM,42426,C17,OLA,830,23.177,66.525,44.066,1.0,0.0
ATOM,42427,C18,OLA,830,24.414,66.266,44.939,1.0,0.0
ATOM,42429,O20,OLA,830,25.652,66.515,44.431,1.0,0.0
ATOM,42430,H21,OLA,830,26.257,66.426,45.219,1.0,0.0
ATOM,42431,C1,OLA,831,35.28,26.27,55.89,1.0,0.0
ATOM,42432,C2,OLA,831,34.98,25.85,54.45,1.0,0.0
ATOM,42433,C3,OLA,831,35.42,26.96,53.49,1.0,0.0
ATOM,42434,C4,OLA,831,35.229,26.445,52.062,1.0,0.0
ATOM,42435,C5,OLA,831,35.175,27.586,51.041,1.0,0.0
ATOM,42436,C6,OLA,831,34.9,26.941,49.68,1.0,0.0
ATOM,42437,C7,OLA,831,34.613,28.094,48.706,1.0,0.0
ATOM,42438,C8,OLA,831,34.576,27.606,47.258,1.0,0.0
ATOM,42439,C9,OLA,831,35.803,27.973,46.417,1.0,0.0
ATOM,42440,C10,OLA,831,36.05,27.28,45.248,1.0,0.0
ATOM,42441,C11,OLA,831,37.196,27.388,44.245,1.0,0.0
ATOM,42442,C12,OLA,831,36.764,26.428,43.133,1.0,0.0
ATOM,42443,C13,OLA,831,37.93,25.565,42.654,1.0,0.0
ATOM,42444,C14,OLA,831,37.624,24.702,41.43,1.0,0.0
ATOM,42445,C15,OLA,831,38.868,23.859,41.151,1.0,0.0
ATOM,42446,C16,OLA,831,38.786,22.875,39.981,1.0,0.0
ATOM,42447,C17,OLA,831,39.788,23.052,38.842,1.0,0.0
ATOM,42448,C18,OLA,831,39.123,23.583,37.573,1.0,0.0
ATOM,42450,O20,OLA,831,39.335,24.917,37.385,1.0,0.0
ATOM,42451,H21,OLA,831,39.068,25.134,36.44,1.0,0.0
ATOM,42452,C1,OLA,832,50.53,58.24,63.3,1.0,0.0
ATOM,42453,C2,OLA,832,50.8,58.44,64.79,1.0,0.0
ATOM,42454,C3,OLA,832,51.42,57.16,65.36,1.0,0.0
ATOM,42455,C4,OLA,832,51.775,57.207,66.85,1.0,0.0
ATOM,42456,C5,OLA,832,51.221,58.581,67.239,1.0,0.0
ATOM,42457,C6,OLA,832,51.567,58.91,68.685,1.0,0.0
ATOM,42458,C7,OLA,832,51.01,60.176,69.339,1.0,0.0
ATOM,42459,C8,OLA,832,51.712,60.399,70.675,1.0,0.0
ATOM,42460,C9,OLA,832,51.52,61.859,71.094,1.0,0.0
ATOM,42461,C10,OLA,832,52.081,62.546,72.151,1.0,0.0
ATOM,42462,C11,OLA,832,51.923,64.04,72.466,1.0,0.0
ATOM,42463,C12,OLA,832,52.73,64.514,73.673,1.0,0.0
ATOM,42464,C13,OLA,832,52.403,65.964,74.007,1.0,0.0
ATOM,42465,C14,OLA,832,53.233,66.404,75.216,1.0,0.0
ATOM,42466,C15,OLA,832,53.057,67.871,75.637,1.0,0.0
ATOM,42467,C16,OLA,832,53.955,68.178,76.838,1.0,0.0
ATOM,42468,C17,OLA,832,53.595,69.584,77.326,1.0,0.0
ATOM,42469,C18,OLA,832,54.352,70.044,78.57,1.0,0.0
ATOM,42471,O20,OLA,832,53.771,69.795,79.779,1.0,0.0
ATOM,42472,H21,OLA,832,54.401,70.17,80.47,1.0,0.0
ATOM,21069,C1,OLA,5409,96.24,27.8,56.32,1.0,0.0
ATOM,21070,C2,OLA,5409,97.01,27.12,55.19,1.0,0.0
ATOM,21071,C3,OLA,5409,96.48,27.8,53.92,1.0,0.0
ATOM,21072,C4,OLA,5409,96.89,27.34,52.53,1.0,0.0
ATOM,21073,C5,OLA,5409,97.589,28.453,51.749,1.0,0.0
ATOM,21074,C6,OLA,5409,98.045,28.027,50.346,1.0,0.0
ATOM,21075,C7,OLA,5409,98.775,29.172,49.646,1.0,0.0
ATOM,21076,C8,OLA,5409,99.206,28.553,48.322,1.0,0.0
ATOM,21077,C9,OLA,5409,100.164,29.43,47.51,1.0,0.0
ATOM,21078,C10,OLA,5409,100.625,29.129,46.233,1.0,0.0
ATOM,21079,C11,OLA,5409,101.693,29.791,45.347,1.0,0.0
ATOM,21080,C12,OLA,5409,102.076,28.94,44.136,1.0,0.0
ATOM,21081,C13,OLA,5409,103.176,29.808,43.519,1.0,0.0
ATOM,21082,C14,OLA,5409,103.554,29.099,42.216,1.0,0.0
ATOM,21083,C15,OLA,5409,104.732,29.888,41.631,1.0,0.0
ATOM,21084,C16,OLA,5409,105.283,29.069,40.468,1.0,0.0
ATOM,21085,C17,OLA,5409,106.658,29.534,39.978,1.0,0.0
ATOM,21086,C18,OLA,5409,107.016,28.941,38.607,1.0,0.0
ATOM,21088,O20,OLA,5409,108.306,29.097,38.214,1.0,0.0
ATOM,21089,H21,OLA,5409,108.273,28.71,37.291,1.0,0.0
ATOM,21090,C1,OLA,5410,105.23,21.13,58.62,1.0,0.0
ATOM,21091,C2,OLA,5410,104.58,21.54,57.3,1.0,0.0
ATOM,21092,C3,OLA,5410,105.58,21.54,56.15,1.0,0.0
ATOM,21093,C4,OLA,5410,104.96,22.057,54.853,1.0,0.0
ATOM,21094,C5,OLA,5410,106.082,22.231,53.833,1.0,0.0
ATOM,21095,C6,OLA,5410,105.692,22.74,52.446,1.0,0.0
ATOM,21096,C7,OLA,5410,106.871,23.004,51.516,1.0,0.0
ATOM,21097,C8,OLA,5410,106.515,23.605,50.161,1.0,0.0
ATOM,21098,C9,OLA,5410,107.787,24.272,49.643,1.0,0.0
ATOM,21099,C10,OLA,5410,107.757,24.798,48.353,1.0,0.0
ATOM,21100,C11,OLA,5410,108.928,25.462,47.628,1.0,0.0
ATOM,21101,C12,OLA,5410,108.483,25.631,46.177,1.0,0.0
ATOM,21102,C13,OLA,5410,108.858,26.914,45.44,1.0,0.0
ATOM,21103,C14,OLA,5410,108.46,26.796,43.963,1.0,0.0
ATOM,21104,C15,OLA,5410,109.112,27.841,43.059,1.0,0.0
ATOM,21105,C16,OLA,5410,108.571,27.523,41.658,1.0,0.0
ATOM,21106,C17,OLA,5410,109.386,28.521,40.841,1.0,0.0
ATOM,21107,C18,OLA,5410,108.759,28.575,39.452,1.0,0.0
ATOM,21109,O20,OLA,5410,109.62,28.845,38.433,1.0,0.0
ATOM,21110,H21,OLA,5410,109.163,28.846,37.545,1.0,0.0
ATOM,21111,C1,OLA,5411,72.65,74.56,65.71,1.0,0.0
ATOM,21112,C2,OLA,5411,71.77,74.95,66.9,1.0,0.0
ATOM,21113,C3,OLA,5411,72.77,75.38,67.98,1.0,0.0
ATOM,21114,C4,OLA,5411,74.182,75.559,67.424,1.0,0.0
ATOM,21115,C5,OLA,5411,75.035,76.067,68.584,1.0,0.0
ATOM,21116,C6,OLA,5411,76.537,75.934,68.35,1.0,0.0
ATOM,21117,C7,OLA,5411,77.207,76.134,69.717,1.0,0.0
ATOM,21118,C8,OLA,5411,78.666,75.734,69.507,1.0,0.0
ATOM,21119,C9,OLA,5411,79.113,75.128,70.838,1.0,0.0
ATOM,21120,C10,OLA,5411,80.326,74.454,70.95,1.0,0.0
ATOM,21121,C11,OLA,5411,80.981,73.73,72.132,1.0,0.0
ATOM,21122,C12,OLA,5411,82.482,73.456,71.99,1.0,0.0
ATOM,21123,C13,OLA,5411,82.966,72.218,72.752,1.0,0.0
ATOM,21124,C14,OLA,5411,84.478,72.189,72.992,1.0,0.0
ATOM,21125,C15,OLA,5411,84.996,70.996,73.801,1.0,0.0
ATOM,21126,C16,OLA,5411,86.509,71.0,74.003,1.0,0.0
ATOM,21127,C17,OLA,5411,86.919,69.638,74.552,1.0,0.0
ATOM,21128,C18,OLA,5411,88.389,69.521,74.972,1.0,0.0
ATOM,21130,O20,OLA,5411,88.654,68.648,75.98,1.0,0.0
ATOM,21131,H21,OLA,5411,89.651,68.611,76.046,1.0,0.0
ATOM,21174,C1,OLA,5414,6.66,5.04,64.05,1.0,0.0
ATOM,21175,C2,OLA,5414,6.53,5.0,65.58,1.0,0.0
ATOM,21176,C3,OLA,5414,7.55,4.07,66.24,1.0,0.0
ATOM,21177,C4,OLA,5414,7.389,3.975,67.761,1.0,0.0
ATOM,21178,C5,OLA,5414,7.198,2.53,68.237,1.0,0.0
ATOM,21179,C6,OLA,5414,7.393,2.441,69.758,1.0,0.0
ATOM,21180,C7,OLA,5414,7.099,1.031,70.273,1.0,0.0
ATOM,21181,C8,OLA,5414,7.267,1.114,71.786,1.0,0.0
ATOM,21182,C9,OLA,5414,7.104,-0.334,72.256,1.0,0.0
ATOM,21183,C10,OLA,5414,7.253,-0.796,73.554,1.0,0.0
ATOM,21184,C11,OLA,5414,7.16,-2.281,73.935,1.0,0.0
ATOM,21185,C12,OLA,5414,7.422,-2.404,75.439,1.0,0.0
ATOM,21186,C13,OLA,5414,7.139,-3.799,75.992,1.0,0.0
ATOM,21187,C14,OLA,5414,7.371,-3.887,77.503,1.0,0.0
ATOM,21188,C15,OLA,5414,7.138,-5.287,78.087,1.0,0.0
ATOM,21189,C16,OLA,5414,7.941,-5.407,79.38,1.0,0.0
ATOM,21190,C17,OLA,5414,8.057,-6.842,79.907,1.0,0.0
ATOM,21191,C18,OLA,5414,9.247,-7.674,79.439,1.0,0.0
ATOM,21193,O20,OLA,5414,9.123,-9.03,79.413,1.0,0.0
ATOM,21194,H21,OLA,5414,9.893,-9.505,78.978,1.0,0.0
ATOM,21195,C1,OLA,5415,62.22,6.59,50.86,1.0,0.0
ATOM,21196,C2,OLA,5415,62.04,8.0,51.43,1.0,0.0
ATOM,21197,C3,OLA,5415,63.22,8.85,50.96,1.0,0.0
ATOM,21198,C4,OLA,5415,63.202,10.32,51.378,1.0,0.0
ATOM,21199,C5,OLA,5415,64.477,11.111,51.047,1.0,0.0
ATOM,21200,C6,OLA,5415,65.074,11.649,52.347,1.0,0.0
ATOM,21201,C7,OLA,5415,65.717,12.997,52.028,1.0,0.0
ATOM,21202,C8,OLA,5415,65.903,13.909,53.237,1.0,0.0
ATOM,21203,C9,OLA,5415,66.444,15.277,52.801,1.0,0.0
ATOM,21204,C10,OLA,5415,66.276,16.338,53.679,1.0,0.0
ATOM,21205,C11,OLA,5415,66.665,17.787,53.368,1.0,0.0
ATOM,21206,C12,OLA,5415,66.287,18.789,54.454,1.0,0.0
ATOM,21207,C13,OLA,5415,66.571,20.137,53.795,1.0,0.0
ATOM,21208,C14,OLA,5415,65.937,21.223,54.671,1.0,0.0
ATOM,21209,C15,OLA,5415,65.961,22.578,53.967,1.0,0.0
ATOM,21210,C16,OLA,5415,65.861,23.642,55.069,1.0,0.0
ATOM,21211,C17,OLA,5415,65.704,24.987,54.358,1.0,0.0
ATOM,21212,C18,OLA,5415,64.327,25.572,54.688,1.0,0.0
ATOM,21214,O20,OLA,5415,63.8,26.204,53.611,1.0,0.0
ATOM,21215,H21,OLA,5415,62.947,26.578,53.948,1.0,0.0
ATOM,21216,C1,OLA,5416,84.25,12.73,63.65,1.0,0.0
ATOM,21217,C2,OLA,5416,84.13,12.81,65.17,1.0,0.0
ATOM,21218,C3,OLA,5416,84.4,11.41,65.73,1.0,0.0
ATOM,21219,C4,OLA,5416,84.345,11.421,67.256,1.0,0.0
ATOM,21220,C5,OLA,5416,84.675,10.029,67.813,1.0,0.0
ATOM,21221,C6,OLA,5416,84.352,9.807,69.297,1.0,0.0
ATOM,21222,C7,OLA,5416,84.669,8.407,69.821,1.0,0.0
ATOM,21223,C8,OLA,5416,84.533,8.476,71.349,1.0,0.0
ATOM,21224,C9,OLA,5416,84.588,7.03,71.859,1.0,0.0
ATOM,21225,C10,OLA,5416,84.532,6.582,73.175,1.0,0.0
ATOM,21226,C11,OLA,5416,84.58,5.075,73.434,1.0,0.0
ATOM,21227,C12,OLA,5416,84.448,4.703,74.904,1.0,0.0
ATOM,21228,C13,OLA,5416,84.575,3.194,75.122,1.0,0.0
ATOM,21229,C14,OLA,5416,84.688,2.851,76.61,1.0,0.0
ATOM,21230,C15,OLA,5416,85.929,2.025,76.946,1.0,0.0
ATOM,21231,C16,OLA,5416,85.875,1.573,78.414,1.0,0.0
ATOM,21232,C17,OLA,5416,87.319,1.134,78.669,1.0,0.0
ATOM,21233,C18,OLA,5416,87.659,0.904,80.141,1.0,0.0
ATOM,21235,O20,OLA,5416,88.515,1.788,80.721,1.0,0.0
ATOM,21236,H21,OLA,5416,88.477,1.64,81.71,1.0,0.0
ATOM,21237,C1,OLA,5417,82.37,25.85,67.21,1.0,0.0
ATOM,21238,C2,OLA,5417,82.69,24.82,68.3,1.0,0.0
ATOM,21239,C3,OLA,5417,82.88,25.6,69.6,1.0,0.0
ATOM,21240,C4,OLA,5417,83.05,24.63,70.77,1.0,0.0
ATOM,21241,C5,OLA,5417,83.15,25.4,72.09,1.0,0.0
ATOM,21242,C6,OLA,5417,82.83,24.41,73.22,1.0,0.0
ATOM,21243,C7,OLA,5417,82.97,25.056,74.599,1.0,0.0
ATOM,21244,C8,OLA,5417,82.925,24.111,75.804,1.0,0.0
ATOM,21245,C9,OLA,5417,83.07,24.93,77.091,1.0,0.0
ATOM,21246,C10,OLA,5417,82.835,24.406,78.357,1.0,0.0
ATOM,21247,C11,OLA,5417,83.101,25.321,79.553,1.0,0.0
ATOM,21248,C12,OLA,5417,82.46,24.623,80.745,1.0,0.0
ATOM,21249,C13,OLA,5417,82.531,25.468,82.021,1.0,0.0
ATOM,21250,C14,OLA,5417,82.24,24.421,83.093,1.0,0.0
ATOM,21251,C15,OLA,5417,82.04,25.109,84.451,1.0,0.0
ATOM,21252,C16,OLA,5417,81.718,24.014,85.468,1.0,0.0
ATOM,21253,C17,OLA,5417,81.595,24.511,86.903,1.0,0.0
ATOM,21254,C18,OLA,5417,80.177,24.777,87.4,1.0,0.0
ATOM,21256,O20,OLA,5417,79.592,23.861,88.204,1.0,0.0
ATOM,21257,H21,OLA,5417,78.679,24.181,88.458,1.0,0.0
ATOM,21258,C1,OLA,5418,80.94,21.83,66.64,1.0,0.0
ATOM,21259,C2,OLA,5418,80.64,20.82,67.74,1.0,0.0
ATOM,21260,C3,OLA,5418,80.69,21.48,69.12,1.0,0.0
ATOM,21261,C4,OLA,5418,80.196,20.463,70.154,1.0,0.0
ATOM,21262,C5,OLA,5418,80.415,21.092,71.533,1.0,0.0
ATOM,21263,C6,OLA,5418,79.801,20.249,72.666,1.0,0.0
ATOM,21264,C7,OLA,5418,80.429,20.497,74.032,1.0,0.0
ATOM,21265,C8,OLA,5418,79.766,19.55,75.032,1.0,0.0
ATOM,21266,C9,OLA,5418,80.724,18.459,75.527,1.0,0.0
ATOM,21267,C10,OLA,5418,80.348,17.36,76.292,1.0,0.0
ATOM,21268,C11,OLA,5418,81.425,16.345,76.674,1.0,0.0
ATOM,21269,C12,OLA,5418,80.804,15.502,77.787,1.0,0.0
ATOM,21270,C13,OLA,5418,81.717,14.353,78.212,1.0,0.0
ATOM,21271,C14,OLA,5418,81.035,13.59,79.353,1.0,0.0
ATOM,21272,C15,OLA,5418,81.629,12.249,79.784,1.0,0.0
ATOM,21273,C16,OLA,5418,81.111,11.81,81.159,1.0,0.0
ATOM,21274,C17,OLA,5418,81.994,10.623,81.528,1.0,0.0
ATOM,21275,C18,OLA,5418,81.667,10.185,82.953,1.0,0.0
ATOM,21277,O20,OLA,5418,82.722,10.197,83.813,1.0,0.0
ATOM,21278,H21,OLA,5418,82.364,9.924,84.71,1.0,0.0
ATOM,21279,C1,OLA,5419,73.24,17.58,64.46,1.0,0.0
ATOM,21280,C2,OLA,5419,73.69,16.75,65.66,1.0,0.0
ATOM,21281,C3,OLA,5419,74.86,17.21,66.54,1.0,0.0
ATOM,21282,C4,OLA,5419,75.092,16.159,67.622,1.0,0.0
ATOM,21283,C5,OLA,5419,76.298,16.552,68.484,1.0,0.0
ATOM,21284,C6,OLA,5419,76.418,15.562,69.647,1.0,0.0
ATOM,21285,C7,OLA,5419,77.766,15.85,70.312,1.0,0.0
ATOM,21286,C8,OLA,5419,77.918,14.807,71.421,1.0,0.0
ATOM,21287,C9,OLA,5419,78.939,15.367,72.419,1.0,0.0
ATOM,21288,C10,OLA,5419,79.051,14.984,73.75,1.0,0.0
ATOM,21289,C11,OLA,5419,80.1,15.618,74.659,1.0,0.0
ATOM,21290,C12,OLA,5419,80.108,14.737,75.912,1.0,0.0
ATOM,21291,C13,OLA,5419,81.169,15.197,76.917,1.0,0.0
ATOM,21292,C14,OLA,5419,80.894,14.283,78.114,1.0,0.0
ATOM,21293,C15,OLA,5419,81.982,14.37,79.196,1.0,0.0
ATOM,21294,C16,OLA,5419,81.341,13.499,80.284,1.0,0.0
ATOM,21295,C17,OLA,5419,82.217,13.301,81.518,1.0,0.0
ATOM,21296,C18,OLA,5419,82.504,11.837,81.831,1.0,0.0
ATOM,21298,O20,OLA,5419,83.737,11.627,82.374,1.0,0.0
ATOM,21299,H21,OLA,5419,83.801,10.672,82.658,1.0,0.0
ATOM,21300,C1,OLA,5420,101.0,19.82,57.41,1.0,0.0
ATOM,21301,C2,OLA,5420,100.75,19.2,56.04,1.0,0.0
ATOM,21302,C3,OLA,5420,99.32,19.39,55.51,1.0,0.0
ATOM,21303,C4,OLA,5420,99.017,18.729,54.162,1.0,0.0
ATOM,21304,C5,OLA,5420,97.762,19.137,53.402,1.0,0.0
ATOM,21305,C6,OLA,5420,97.602,18.595,51.972,1.0,0.0
ATOM,21306,C7,OLA,5420,96.181,18.806,51.444,1.0,0.0
ATOM,21307,C8,OLA,5420,95.849,17.813,50.332,1.0,0.0
ATOM,21308,C9,OLA,5420,94.532,18.307,49.711,1.0,0.0
ATOM,21309,C10,OLA,5420,93.581,17.461,49.148,1.0,0.0
ATOM,21310,C11,OLA,5420,92.128,17.854,48.895,1.0,0.0
ATOM,21311,C12,OLA,5420,91.289,16.59,48.715,1.0,0.0
ATOM,21312,C13,OLA,5420,89.851,17.09,48.792,1.0,0.0
ATOM,21313,C14,OLA,5420,88.668,16.137,48.871,1.0,0.0
ATOM,21314,C15,OLA,5420,87.265,16.746,48.816,1.0,0.0
ATOM,21315,C16,OLA,5420,86.156,15.715,49.041,1.0,0.0
ATOM,21316,C17,OLA,5420,84.793,16.272,48.628,1.0,0.0
ATOM,21317,C18,OLA,5420,83.854,15.14,49.029,1.0,0.0
ATOM,21319,O20,OLA,5420,83.416,14.288,48.052,1.0,0.0
ATOM,21320,H21,OLA,5420,82.932,13.581,48.571,1.0,0.0
ATOM,21321,C1,OLA,5421,98.82,67.39,54.87,1.0,0.0
ATOM,21322,C2,OLA,5421,98.26,66.75,53.61,1.0,0.0
ATOM,21323,C3,OLA,5421,98.83,67.65,52.51,1.0,0.0
ATOM,21324,C4,OLA,5421,98.35,67.38,51.08,1.0,0.0
ATOM,21325,C5,OLA,5421,98.77,68.38,50.0,1.0,0.0
ATOM,21326,C6,OLA,5421,97.976,68.148,48.717,1.0,0.0
ATOM,21327,C7,OLA,5421,98.566,68.84,47.48,1.0,0.0
ATOM,21328,C8,OLA,5421,98.071,68.166,46.206,1.0,0.0
ATOM,21329,C9,OLA,5421,98.578,68.756,44.882,1.0,0.0
ATOM,21330,C10,OLA,5421,98.376,68.161,43.647,1.0,0.0
ATOM,21331,C11,OLA,5421,99.124,68.729,42.437,1.0,0.0
ATOM,21332,C12,OLA,5421,98.634,67.985,41.195,1.0,0.0
ATOM,21333,C13,OLA,5421,98.739,68.946,40.012,1.0,0.0
ATOM,21334,C14,OLA,5421,98.069,68.354,38.762,1.0,0.0
ATOM,21335,C15,OLA,5421,98.096,69.385,37.628,1.0,0.0
ATOM,21336,C16,OLA,5421,96.71,69.501,36.983,1.0,0.0
ATOM,21337,C17,OLA,5421,96.614,70.753,36.111,1.0,0.0
ATOM,21338,C18,OLA,5421,95.398,70.568,35.212,1.0,0.0
ATOM,21340,O20,OLA,5421,95.695,70.196,33.939,1.0,0.0
ATOM,21341,H21,OLA,5421,94.871,70.184,33.376,1.0,0.0
ATOM,21342,C1,OLA,5422,69.78,15.25,56.82,1.0,0.0
ATOM,21343,C2,OLA,5422,70.13,15.74,55.41,1.0,0.0
ATOM,21344,C3,OLA,5422,69.57,14.86,54.29,1.0,0.0
ATOM,21345,C4,OLA,5422,70.23,15.55,53.1,1.0,0.0
ATOM,21346,C5,OLA,5422,69.75,14.92,51.79,1.0,0.0
ATOM,21347,C6,OLA,5422,70.53,15.475,50.604,1.0,0.0
ATOM,21348,C7,OLA,5422,69.971,16.656,49.807,1.0,0.0
ATOM,21349,C8,OLA,5422,71.081,17.68,49.546,1.0,0.0
ATOM,21350,C9,OLA,5422,70.516,19.012,49.06,1.0,0.0
ATOM,21351,C10,OLA,5422,71.242,20.184,48.866,1.0,0.0
ATOM,21352,C11,OLA,5422,70.53,21.51,48.595,1.0,0.0
ATOM,21353,C12,OLA,5422,71.616,22.571,48.39,1.0,0.0
ATOM,21354,C13,OLA,5422,70.961,23.936,48.193,1.0,0.0
ATOM,21355,C14,OLA,5422,72.218,24.788,48.001,1.0,0.0
ATOM,21356,C15,OLA,5422,71.739,26.227,47.776,1.0,0.0
ATOM,21357,C16,OLA,5422,72.962,27.152,47.746,1.0,0.0
ATOM,21358,C17,OLA,5422,72.521,28.439,47.034,1.0,0.0
ATOM,21359,C18,OLA,5422,73.529,29.573,47.265,1.0,0.0
ATOM,21361,O20,OLA,5422,73.299,30.709,46.561,1.0,0.0
ATOM,21362,H21,OLA,5422,73.909,31.495,46.695,1.0,0.0
ATOM,21363,C1,OLA,5423,90.61,69.44,58.39,1.0,0.0
ATOM,21364,C2,OLA,5423,90.84,69.92,56.96,1.0,0.0
ATOM,21365,C3,OLA,5423,89.7,70.85,56.5,1.0,0.0
ATOM,21366,C4,OLA,5423,90.14,71.39,55.14,1.0,0.0
ATOM,21367,C5,OLA,5423,89.2,72.42,54.51,1.0,0.0
ATOM,21368,C6,OLA,5423,90.024,73.396,53.673,1.0,0.0
ATOM,21369,C7,OLA,5423,89.283,74.596,53.062,1.0,0.0
ATOM,21370,C8,OLA,5423,90.281,75.542,52.387,1.0,0.0
ATOM,21371,C9,OLA,5423,91.665,74.979,52.717,1.0,0.0
ATOM,21372,C10,OLA,5423,92.81,75.541,52.154,1.0,0.0
ATOM,21373,C11,OLA,5423,94.194,74.932,52.351,1.0,0.0
ATOM,21374,C12,OLA,5423,95.221,75.803,51.626,1.0,0.0
ATOM,21375,C13,OLA,5423,96.669,75.335,51.738,1.0,0.0
ATOM,21376,C14,OLA,5423,97.364,75.865,50.481,1.0,0.0
ATOM,21377,C15,OLA,5423,98.741,75.221,50.288,1.0,0.0
ATOM,21378,C16,OLA,5423,99.407,75.801,49.042,1.0,0.0
ATOM,21379,C17,OLA,5423,98.514,76.778,48.293,1.0,0.0
ATOM,21380,C18,OLA,5423,99.248,77.558,47.2,1.0,0.0
ATOM,21382,O20,OLA,5423,98.51,78.391,46.409,1.0,0.0
ATOM,21383,H21,OLA,5423,99.093,78.829,45.718,1.0,0.0
ATOM,63205,C1,OLA,6225,106.17,65.83,60.31,1.0,0.0
ATOM,63206,C2,OLA,6225,106.49,67.31,60.11,1.0,0.0
ATOM,63207,C3,OLA,6225,105.58,68.12,59.19,1.0,0.0
ATOM,63208,C4,OLA,6225,106.163,68.395,57.806,1.0,0.0
ATOM,63209,C5,OLA,6225,107.692,68.246,57.82,1.0,0.0
ATOM,63210,C6,OLA,6225,108.204,67.594,59.105,1.0,0.0
ATOM,63211,C7,OLA,6225,109.7,67.904,59.188,1.0,0.0
ATOM,63212,C8,OLA,6225,110.256,68.684,57.989,1.0,0.0
ATOM,63213,C9,OLA,6225,111.775,68.548,58.102,1.0,0.0
ATOM,63214,C10,OLA,6225,112.666,69.148,57.21,1.0,0.0
ATOM,63215,C11,OLA,6225,114.163,68.832,57.183,1.0,0.0
ATOM,63216,C12,OLA,6225,114.777,69.262,55.85,1.0,0.0
ATOM,63217,C13,OLA,6225,116.229,68.911,55.544,1.0,0.0
ATOM,63218,C14,OLA,6225,116.579,69.891,54.42,1.0,0.0
ATOM,63219,C15,OLA,6225,118.099,69.913,54.261,1.0,0.0
ATOM,63220,C16,OLA,6225,118.59,70.682,53.029,1.0,0.0
ATOM,63221,C17,OLA,6225,117.597,71.758,52.608,1.0,0.0
ATOM,63222,C18,OLA,6225,117.948,72.6,51.379,1.0,0.0
ATOM,63224,O20,OLA,6225,116.996,73.278,50.683,1.0,0.0
ATOM,63225,H21,OLA,6225,117.518,73.942,50.159,1.0,0.0
ATOM,63247,C1,OLA,6227,73.23,33.61,63.01,1.0,0.0
ATOM,63248,C2,OLA,6227,73.95,33.38,64.34,1.0,0.0
ATOM,63249,C3,OLA,6227,73.09,32.58,65.32,1.0,0.0
ATOM,63250,C4,OLA,6227,73.967,32.304,66.541,1.0,0.0
ATOM,63251,C5,OLA,6227,73.262,31.127,67.225,1.0,0.0
ATOM,63252,C6,OLA,6227,74.111,30.546,68.36,1.0,0.0
ATOM,63253,C7,OLA,6227,73.486,29.222,68.802,1.0,0.0
ATOM,63254,C8,OLA,6227,74.157,28.658,70.056,1.0,0.0
ATOM,63255,C9,OLA,6227,73.283,28.806,71.301,1.0,0.0
ATOM,63256,C10,OLA,6227,71.939,29.149,71.188,1.0,0.0
ATOM,63257,C11,OLA,6227,70.898,29.106,72.313,1.0,0.0
ATOM,63258,C12,OLA,6227,69.637,29.906,72.004,1.0,0.0
ATOM,63259,C13,OLA,6227,68.935,30.214,73.327,1.0,0.0
ATOM,63260,C14,OLA,6227,67.964,31.386,73.125,1.0,0.0
ATOM,63261,C15,OLA,6227,68.132,32.154,74.431,1.0,0.0
ATOM,63262,C16,OLA,6227,67.177,33.341,74.649,1.0,0.0
ATOM,63263,C17,OLA,6227,67.489,34.106,75.938,1.0,0.0
ATOM,63264,C18,OLA,6227,66.709,35.41,76.088,1.0,0.0
ATOM,63266,O20,OLA,6227,67.481,36.527,76.209,1.0,0.0
ATOM,63267,H21,OLA,6227,66.899,37.331,76.27,1.0,0.0
ATOM,63268,C1,OLA,6228,69.94,43.74,64.53,1.0,0.0
ATOM,63269,C2,OLA,6228,69.21,43.9,65.87,1.0,0.0
ATOM,63270,C3,OLA,6228,68.65,42.56,66.33,1.0,0.0
ATOM,63271,C4,OLA,6228,68.47,42.39,67.84,1.0,0.0
ATOM,63272,C5,OLA,6228,67.74,41.08,68.15,1.0,0.0
ATOM,63273,C6,OLA,6228,67.193,41.095,69.578,1.0,0.0
ATOM,63274,C7,OLA,6228,66.551,39.744,69.868,1.0,0.0
ATOM,63275,C8,OLA,6228,65.82,39.765,71.216,1.0,0.0
ATOM,63276,C9,OLA,6228,64.969,38.545,71.584,1.0,0.0
ATOM,63277,C10,OLA,6228,64.423,38.382,72.854,1.0,0.0
ATOM,63278,C11,OLA,6228,63.462,37.307,73.364,1.0,0.0
ATOM,63279,C12,OLA,6228,62.928,37.762,74.72,1.0,0.0
ATOM,63280,C13,OLA,6228,61.931,36.787,75.334,1.0,0.0
ATOM,63281,C14,OLA,6228,61.414,37.326,76.675,1.0,0.0
ATOM,63282,C15,OLA,6228,60.648,36.165,77.307,1.0,0.0
ATOM,63283,C16,OLA,6228,60.179,36.74,78.643,1.0,0.0
ATOM,63284,C17,OLA,6228,59.317,35.678,79.336,1.0,0.0
ATOM,63285,C18,OLA,6228,58.986,36.075,80.774,1.0,0.0
ATOM,63287,O20,OLA,6228,59.643,37.208,81.174,1.0,0.0
ATOM,63288,H21,OLA,6228,59.547,37.333,82.162,1.0,0.0
ATOM,63289,C1,OLA,6229,101.92,68.42,60.59,1.0,0.0
ATOM,63290,C2,OLA,6229,100.98,69.56,60.99,1.0,0.0
ATOM,63291,C3,OLA,6229,101.45,70.14,62.32,1.0,0.0
ATOM,63292,C4,OLA,6229,100.344,71.142,62.666,1.0,0.0
ATOM,63293,C5,OLA,6229,100.527,71.798,64.036,1.0,0.0
ATOM,63294,C6,OLA,6229,99.649,73.048,64.028,1.0,0.0
ATOM,63295,C7,OLA,6229,99.688,73.834,65.342,1.0,0.0
ATOM,63296,C8,OLA,6229,100.489,73.09,66.408,1.0,0.0
ATOM,63297,C9,OLA,6229,100.633,73.99,67.642,1.0,0.0
ATOM,63298,C10,OLA,6229,101.782,74.687,67.96,1.0,0.0
ATOM,63299,C11,OLA,6229,101.907,75.376,69.317,1.0,0.0
ATOM,63300,C12,OLA,6229,103.284,75.999,69.564,1.0,0.0
ATOM,63301,C13,OLA,6229,103.41,76.493,71.006,1.0,0.0
ATOM,63302,C14,OLA,6229,103.2,78.006,71.004,1.0,0.0
ATOM,63303,C15,OLA,6229,103.243,78.66,72.394,1.0,0.0
ATOM,63304,C16,OLA,6229,102.816,80.123,72.302,1.0,0.0
ATOM,63305,C17,OLA,6229,102.374,80.869,73.551,1.0,0.0
ATOM,63306,C18,OLA,6229,102.158,82.382,73.472,1.0,0.0
ATOM,63308,O20,OLA,6229,102.798,83.23,74.322,1.0,0.0
ATOM,63309,H21,OLA,6229,102.643,84.186,74.073,1.0,0.0
ATOM,63310,C1,OLA,6230,4.93,48.91,70.85,1.0,0.0
ATOM,63311,C2,OLA,6230,5.31,49.73,72.08,1.0,0.0
ATOM,63312,C3,OLA,6230,4.45,49.4,73.3,1.0,0.0
ATOM,63313,C4,OLA,6230,4.84,50.11,74.6,1.0,0.0
ATOM,63314,C5,OLA,6230,4.125,49.525,75.818,1.0,0.0
ATOM,63315,C6,OLA,6230,4.367,50.212,77.159,1.0,0.0
ATOM,63316,C7,OLA,6230,3.886,49.385,78.345,1.0,0.0
ATOM,63317,C8,OLA,6230,3.73,50.278,79.579,1.0,0.0
ATOM,63318,C9,OLA,6230,3.302,49.449,80.79,1.0,0.0
ATOM,63319,C10,OLA,6230,3.158,50.032,82.037,1.0,0.0
ATOM,63320,C11,OLA,6230,3.162,49.166,83.293,1.0,0.0
ATOM,63321,C12,OLA,6230,3.147,50.096,84.512,1.0,0.0
ATOM,63322,C13,OLA,6230,2.901,49.312,85.801,1.0,0.0
ATOM,63323,C14,OLA,6230,3.195,50.13,87.063,1.0,0.0
ATOM,63324,C15,OLA,6230,3.095,49.169,88.243,1.0,0.0
ATOM,63325,C16,OLA,6230,3.719,49.773,89.503,1.0,0.0
ATOM,63326,C17,OLA,6230,3.822,48.917,90.768,1.0,0.0
ATOM,63327,C18,OLA,6230,4.599,49.661,91.854,1.0,0.0
ATOM,63329,O20,OLA,6230,5.903,49.314,91.666,1.0,0.0
ATOM,63330,H21,OLA,6230,6.273,49.726,92.498,1.0,0.0
ATOM,63331,C1,OLA,6231,57.79,54.35,49.85,1.0,0.0
ATOM,63332,C2,OLA,6231,58.51,54.82,48.58,1.0,0.0
ATOM,63333,C3,OLA,6231,59.79,55.53,49.03,1.0,0.0
ATOM,63334,C4,OLA,6231,60.65,56.17,47.94,1.0,0.0
ATOM,63335,C5,OLA,6231,61.807,56.781,48.733,1.0,0.0
ATOM,63336,C6,OLA,6231,62.76,57.71,47.979,1.0,0.0
ATOM,63337,C7,OLA,6231,63.791,58.28,48.958,1.0,0.0
ATOM,63338,C8,OLA,6231,63.167,57.772,50.26,1.0,0.0
ATOM,63339,C9,OLA,6231,63.824,58.211,51.576,1.0,0.0
ATOM,63340,C10,OLA,6231,65.021,58.933,51.618,1.0,0.0
ATOM,63341,C11,OLA,6231,65.501,59.388,52.994,1.0,0.0
ATOM,63342,C12,OLA,6231,66.824,60.167,52.899,1.0,0.0
ATOM,63343,C13,OLA,6231,67.736,59.979,54.109,1.0,0.0
ATOM,63344,C14,OLA,6231,69.198,59.548,54.012,1.0,0.0
ATOM,63345,C15,OLA,6231,69.741,59.643,55.434,1.0,0.0
ATOM,63346,C16,OLA,6231,71.132,58.999,55.491,1.0,0.0
ATOM,63347,C17,OLA,6231,71.873,58.877,56.819,1.0,0.0
ATOM,63348,C18,OLA,6231,73.22,58.204,56.569,1.0,0.0
ATOM,63350,O20,OLA,6231,74.14,58.416,57.557,1.0,0.0
ATOM,63351,H21,OLA,6231,74.856,57.781,57.293,1.0,0.0
ATOM,63352,C1,OLA,6232,84.71,52.61,67.56,1.0,0.0
ATOM,63353,C2,OLA,6232,84.91,53.69,68.62,1.0,0.0
ATOM,63354,C3,OLA,6232,85.01,53.08,70.02,1.0,0.0
ATOM,63355,C4,OLA,6232,85.43,54.02,71.14,1.0,0.0
ATOM,63356,C5,OLA,6232,85.38,53.25,72.46,1.0,0.0
ATOM,63357,C6,OLA,6232,85.49,54.17,73.68,1.0,0.0
ATOM,63358,C7,OLA,6232,85.64,53.46,75.03,1.0,0.0
ATOM,63359,C8,OLA,6232,85.43,54.45,76.17,1.0,0.0
ATOM,63360,C9,OLA,6232,85.2,53.6,77.43,1.0,0.0
ATOM,63361,C10,OLA,6232,85.559,54.091,78.679,1.0,0.0
ATOM,63362,C11,OLA,6232,85.584,53.214,79.935,1.0,0.0
ATOM,63363,C12,OLA,6232,86.112,54.117,81.055,1.0,0.0
ATOM,63364,C13,OLA,6232,85.902,53.522,82.445,1.0,0.0
ATOM,63365,C14,OLA,6232,85.03,52.274,82.335,1.0,0.0
ATOM,63366,C15,OLA,6232,85.094,51.499,83.657,1.0,0.0
ATOM,63367,C16,OLA,6232,83.918,50.537,83.579,1.0,0.0
ATOM,63368,C17,OLA,6232,83.817,49.462,84.677,1.0,0.0
ATOM,63369,C18,OLA,6232,82.789,48.466,84.141,1.0,0.0
ATOM,63371,O20,OLA,6232,83.199,47.285,83.592,1.0,0.0
ATOM,63372,H21,OLA,6232,82.363,46.884,83.217,1.0,0.0
ATOM,63373,C1,OLA,6233,84.2,69.53,66.84,1.0,0.0
ATOM,63374,C2,OLA,6233,83.99,70.2,68.2,1.0,0.0
ATOM,63375,C3,OLA,6233,85.06,69.75,69.19,1.0,0.0
ATOM,63376,C4,OLA,6233,85.04,70.41,70.57,1.0,0.0
ATOM,63377,C5,OLA,6233,84.828,69.314,71.622,1.0,0.0
ATOM,63378,C6,OLA,6233,84.778,69.896,73.026,1.0,0.0
ATOM,63379,C7,OLA,6233,84.251,68.861,74.038,1.0,0.0
ATOM,63380,C8,OLA,6233,84.3,69.407,75.462,1.0,0.0
ATOM,63381,C9,OLA,6233,84.395,68.258,76.474,1.0,0.0
ATOM,63382,C10,OLA,6233,84.574,68.572,77.821,1.0,0.0
ATOM,63383,C11,OLA,6233,84.689,67.589,78.985,1.0,0.0
ATOM,63384,C12,OLA,6233,85.419,67.969,80.282,1.0,0.0
ATOM,63385,C13,OLA,6233,86.589,67.033,80.59,1.0,0.0
ATOM,63386,C14,OLA,6233,87.243,67.582,81.862,1.0,0.0
ATOM,63387,C15,OLA,6233,88.335,66.687,82.438,1.0,0.0
ATOM,63388,C16,OLA,6233,88.96,67.287,83.691,1.0,0.0
ATOM,63389,C17,OLA,6233,89.956,66.253,84.246,1.0,0.0
ATOM,63390,C18,OLA,6233,89.939,66.292,85.776,1.0,0.0
ATOM,63392,O20,OLA,6233,89.209,65.3,86.351,1.0,0.0
ATOM,63393,H21,OLA,6233,89.038,65.589,87.298,1.0,0.0
ATOM,63394,C1,OLA,6234,77.67,62.89,67.23,1.0,0.0
ATOM,63395,C2,OLA,6234,78.58,63.09,68.44,1.0,0.0
ATOM,63396,C3,OLA,6234,79.28,64.44,68.58,1.0,0.0
ATOM,63397,C4,OLA,6234,79.9,64.83,69.92,1.0,0.0
ATOM,63398,C5,OLA,6234,80.83,66.02,69.65,1.0,0.0
ATOM,63399,C6,OLA,6234,81.432,66.518,70.966,1.0,0.0
ATOM,63400,C7,OLA,6234,82.955,66.666,70.993,1.0,0.0
ATOM,63401,C8,OLA,6234,83.404,66.737,72.454,1.0,0.0
ATOM,63402,C9,OLA,6234,84.418,65.647,72.822,1.0,0.0
ATOM,63403,C10,OLA,6234,84.968,64.766,71.891,1.0,0.0
ATOM,63404,C11,OLA,6234,86.081,63.809,72.313,1.0,0.0
ATOM,63405,C12,OLA,6234,86.68,63.016,71.152,1.0,0.0
ATOM,63406,C13,OLA,6234,87.466,61.774,71.58,1.0,0.0
ATOM,63407,C14,OLA,6234,88.011,60.967,70.396,1.0,0.0
ATOM,63408,C15,OLA,6234,88.866,59.805,70.911,1.0,0.0
ATOM,63409,C16,OLA,6234,89.594,59.058,69.792,1.0,0.0
ATOM,63410,C17,OLA,6234,89.726,57.59,70.205,1.0,0.0
ATOM,63411,C18,OLA,6234,90.908,56.916,69.494,1.0,0.0
ATOM,63413,O20,OLA,6234,90.627,56.196,68.378,1.0,0.0
ATOM,63414,H21,OLA,6234,91.488,55.813,68.027,1.0,0.0
ATOM,63415,C1,OLA,6235,78.47,53.35,65.15,1.0,0.0
ATOM,63416,C2,OLA,6235,78.53,53.59,66.66,1.0,0.0
ATOM,63417,C3,OLA,6235,78.67,55.07,67.0,1.0,0.0
ATOM,63418,C4,OLA,6235,78.905,55.39,68.471,1.0,0.0
ATOM,63419,C5,OLA,6235,79.041,56.911,68.592,1.0,0.0
ATOM,63420,C6,OLA,6235,79.519,57.238,70.011,1.0,0.0
ATOM,63421,C7,OLA,6235,79.623,58.753,70.21,1.0,0.0
ATOM,63422,C8,OLA,6235,80.181,59.238,71.549,1.0,0.0
ATOM,63423,C9,OLA,6235,80.21,60.763,71.448,1.0,0.0
ATOM,63424,C10,OLA,6235,80.628,61.606,72.47,1.0,0.0
ATOM,63425,C11,OLA,6235,80.72,63.105,72.18,1.0,0.0
ATOM,63426,C12,OLA,6235,81.243,63.977,73.324,1.0,0.0
ATOM,63427,C13,OLA,6235,81.233,65.457,72.913,1.0,0.0
ATOM,63428,C14,OLA,6235,81.493,66.369,74.114,1.0,0.0
ATOM,63429,C15,OLA,6235,81.7,67.833,73.739,1.0,0.0
ATOM,63430,C16,OLA,6235,81.729,68.723,74.997,1.0,0.0
ATOM,63431,C17,OLA,6235,81.917,70.178,74.582,1.0,0.0
ATOM,63432,C18,OLA,6235,81.688,71.235,75.667,1.0,0.0
ATOM,63434,O20,OLA,6235,81.932,72.504,75.252,1.0,0.0
ATOM,63435,H21,OLA,6235,81.764,73.12,76.014,1.0,0.0
ATOM,63436,C1,OLA,6236,93.09,59.39,58.42,1.0,0.0
ATOM,63437,C2,OLA,6236,92.75,59.6,56.94,1.0,0.0
ATOM,63438,C3,OLA,6236,93.06,61.02,56.46,1.0,0.0
ATOM,63439,C4,OLA,6236,92.8,60.97,54.95,1.0,0.0
ATOM,63440,C5,OLA,6236,93.49,62.27,54.53,1.0,0.0
ATOM,63441,C6,OLA,6236,93.21,62.55,53.05,1.0,0.0
ATOM,63442,C7,OLA,6236,93.433,64.037,52.758,1.0,0.0
ATOM,63443,C8,OLA,6236,93.205,64.439,51.303,1.0,0.0
ATOM,63444,C9,OLA,6236,94.179,65.6,51.055,1.0,0.0
ATOM,63445,C10,OLA,6236,94.282,66.23,49.829,1.0,0.0
ATOM,63446,C11,OLA,6236,95.244,67.4,49.586,1.0,0.0
ATOM,63447,C12,OLA,6236,95.384,67.909,48.152,1.0,0.0
ATOM,63448,C13,OLA,6236,94.938,69.351,47.89,1.0,0.0
ATOM,63449,C14,OLA,6236,94.852,69.666,46.389,1.0,0.0
ATOM,63450,C15,OLA,6236,94.219,71.051,46.287,1.0,0.0
ATOM,63451,C16,OLA,6236,94.369,71.717,44.912,1.0,0.0
ATOM,63452,C17,OLA,6236,95.231,72.98,45.017,1.0,0.0
ATOM,63453,C18,OLA,6236,95.269,73.762,43.699,1.0,0.0
ATOM,63455,O20,OLA,6236,94.304,74.709,43.538,1.0,0.0
ATOM,63456,H21,OLA,6236,94.502,75.127,42.655,1.0,0.0
ATOM,63457,C1,OLA,6237,96.47,22.99,50.25,1.0,0.0
ATOM,63458,C2,OLA,6237,96.97,23.67,48.98,1.0,0.0
ATOM,63459,C3,OLA,6237,96.71,22.88,47.69,1.0,0.0
ATOM,63460,C4,OLA,6237,97.329,23.496,46.428,1.0,0.0
ATOM,63461,C5,OLA,6237,97.085,22.718,45.14,1.0,0.0
ATOM,63462,C6,OLA,6237,97.808,23.334,43.947,1.0,0.0
ATOM,63463,C7,OLA,6237,97.663,22.426,42.727,1.0,0.0
ATOM,63464,C8,OLA,6237,98.405,22.934,41.485,1.0,0.0
ATOM,63465,C9,OLA,6237,98.153,21.89,40.392,1.0,0.0
ATOM,63466,C10,OLA,6237,98.833,21.887,39.183,1.0,0.0
ATOM,63467,C11,OLA,6237,98.589,20.942,38.005,1.0,0.0
ATOM,63468,C12,OLA,6237,99.802,20.991,37.061,1.0,0.0
ATOM,63469,C13,OLA,6237,99.488,20.098,35.86,1.0,0.0
ATOM,63470,C14,OLA,6237,100.413,18.921,35.54,1.0,0.0
ATOM,63471,C15,OLA,6237,101.097,19.353,34.236,1.0,0.0
ATOM,63472,C16,OLA,6237,102.17,18.301,33.948,1.0,0.0
ATOM,63473,C17,OLA,6237,102.866,18.354,32.594,1.0,0.0
ATOM,63474,C18,OLA,6237,103.952,17.278,32.503,1.0,0.0
ATOM,63476,O20,OLA,6237,103.723,16.119,31.837,1.0,0.0
ATOM,63477,H21,OLA,6237,104.542,15.579,31.99,1.0,0.0
ATOM,63478,C1,OLA,6238,67.22,61.16,56.4,1.0,0.0
ATOM,63479,C2,OLA,6238,67.59,61.7,55.02,1.0,0.0
ATOM,63480,C3,OLA,6238,68.43,60.8,54.1,1.0,0.0
ATOM,63481,C4,OLA,6238,68.45,61.4,52.69,1.0,0.0
ATOM,63482,C5,OLA,6238,69.076,60.457,51.666,1.0,0.0
ATOM,63483,C6,OLA,6238,68.863,60.952,50.227,1.0,0.0
ATOM,63484,C7,OLA,6238,69.904,60.175,49.426,1.0,0.0
ATOM,63485,C8,OLA,6238,69.753,60.011,47.909,1.0,0.0
ATOM,63486,C9,OLA,6238,70.916,59.095,47.554,1.0,0.0
ATOM,63487,C10,OLA,6238,71.1,58.526,46.299,1.0,0.0
ATOM,63488,C11,OLA,6238,72.24,57.563,45.96,1.0,0.0
ATOM,63489,C12,OLA,6238,72.144,57.188,44.475,1.0,0.0
ATOM,63490,C13,OLA,6238,73.122,56.152,43.92,1.0,0.0
ATOM,63491,C14,OLA,6238,73.949,56.652,42.733,1.0,0.0
ATOM,63492,C15,OLA,6238,74.909,55.513,42.395,1.0,0.0
ATOM,63493,C16,OLA,6238,75.957,56.025,41.393,1.0,0.0
ATOM,63494,C17,OLA,6238,76.968,54.944,41.032,1.0,0.0
ATOM,63495,C18,OLA,6238,77.932,55.532,39.996,1.0,0.0
ATOM,63497,O20,OLA,6238,77.861,55.155,38.69,1.0,0.0
ATOM,63498,H21,OLA,6238,78.668,55.485,38.194,1.0,0.0
ATOM,63499,C1,OLA,6239,87.76,28.38,55.14,1.0,0.0
ATOM,63500,C2,OLA,6239,87.16,28.95,53.85,1.0,0.0
ATOM,63501,C3,OLA,6239,87.87,28.22,52.71,1.0,0.0
ATOM,63502,C4,OLA,6239,87.6,29.07,51.47,1.0,0.0
ATOM,63503,C5,OLA,6239,88.243,28.476,50.219,1.0,0.0
ATOM,63504,C6,OLA,6239,88.091,29.455,49.053,1.0,0.0
ATOM,63505,C7,OLA,6239,88.578,28.766,47.775,1.0,0.0
ATOM,63506,C8,OLA,6239,88.905,29.627,46.547,1.0,0.0
ATOM,63507,C9,OLA,6239,89.118,28.711,45.342,1.0,0.0
ATOM,63508,C10,OLA,6239,89.361,29.041,44.013,1.0,0.0
ATOM,63509,C11,OLA,6239,89.463,27.965,42.94,1.0,0.0
ATOM,63510,C12,OLA,6239,89.362,28.464,41.493,1.0,0.0
ATOM,63511,C13,OLA,6239,89.547,27.335,40.473,1.0,0.0
ATOM,63512,C14,OLA,6239,89.218,27.659,39.009,1.0,0.0
ATOM,63513,C15,OLA,6239,90.478,27.9,38.169,1.0,0.0
ATOM,63514,C16,OLA,6239,90.312,27.94,36.645,1.0,0.0
ATOM,63515,C17,OLA,6239,91.645,27.791,35.92,1.0,0.0
ATOM,63516,C18,OLA,6239,91.496,26.718,34.84,1.0,0.0
ATOM,63518,O20,OLA,6239,91.248,27.236,33.61,1.0,0.0
ATOM,63519,H21,OLA,6239,91.415,26.532,32.926,1.0,0.0
