,REMARK,Cx,1DPP,COMPLIES,Xsim,Ysim,Zsim,"2.0,",18-NOV-1998
ATOM,1,C1,OLA,1,0.0,0.0,0.0,1.0,0.0
ATOM,2,C2,OLA,1,0.34,0.57,-1.38,1.0,0.0
ATOM,3,C3,OLA,1,1.75,0.09,-1.75,1.0,0.0
ATOM,4,C4,OLA,1,2.343,0.525,-3.097,1.0,0.0
ATOM,5,C5,OLA,1,3.692,-0.192,-3.175,1.0,0.0
ATOM,6,C6,OLA,1,4.335,0.012,-4.547,1.0,0.0
ATOM,7,C7,OLA,1,5.659,0.758,-4.374,1.0,0.0
ATOM,8,C8,OLA,1,6.585,1.298,-5.475,1.0,0.0
ATOM,9,C9,OLA,1,7.868,1.966,-4.992,1.0,0.0
ATOM,10,C10,OLA,1,8.619,2.808,-5.81,1.0,0.0
ATOM,11,C11,OLA,1,9.841,3.617,-5.392,1.0,0.0
ATOM,12,C12,OLA,1,10.459,4.275,-6.625,1.0,0.0
ATOM,13,C13,OLA,1,10.455,5.806,-6.683,1.0,0.0
ATOM,14,C14,OLA,1,10.989,6.343,-8.011,1.0,0.0
ATOM,15,C15,OLA,1,10.756,7.846,-8.13,1.0,0.0
ATOM,16,C16,OLA,1,11.405,8.487,-9.359,1.0,0.0
ATOM,17,C17,OLA,1,10.869,9.905,-9.553,1.0,0.0
ATOM,18,C18,OLA,1,11.344,10.622,-10.816,1.0,0.0
ATOM,20,O20,OLA,1,11.558,11.957,-10.644,1.0,0.0
ATOM,21,H21,OLA,1,11.996,12.094,-11.529,1.0,0.0
ATOM,22,C1,OLA,2,0.0,0.0,0.0,1.0,0.0
ATOM,23,C2,OLA,2,1.12,-0.87,-0.58,1.0,0.0
ATOM,24,C3,OLA,2,2.39,-0.03,-0.77,1.0,0.0
ATOM,25,C4,OLA,2,3.559,-0.799,-0.134,1.0,0.0
ATOM,26,C5,OLA,2,4.927,-0.133,-0.204,1.0,0.0
ATOM,27,C6,OLA,2,5.915,-0.607,0.865,1.0,0.0
ATOM,28,C7,OLA,2,7.228,0.167,0.778,1.0,0.0
ATOM,29,C8,OLA,2,8.035,-0.64,1.803,1.0,0.0
ATOM,30,C9,OLA,2,9.456,-0.083,1.887,1.0,0.0
ATOM,31,C10,OLA,2,10.353,-0.455,2.886,1.0,0.0
ATOM,32,C11,OLA,2,11.684,0.228,3.167,1.0,0.0
ATOM,33,C12,OLA,2,12.601,-0.534,4.128,1.0,0.0
ATOM,34,C13,OLA,2,13.837,0.281,4.501,1.0,0.0
ATOM,35,C14,OLA,2,14.688,-0.616,5.409,1.0,0.0
ATOM,36,C15,OLA,2,15.898,0.185,5.909,1.0,0.0
ATOM,37,C16,OLA,2,16.728,-0.544,6.962,1.0,0.0
ATOM,38,C17,OLA,2,17.462,0.456,7.871,1.0,0.0
ATOM,39,C18,OLA,2,18.269,-0.251,8.952,1.0,0.0
ATOM,41,O20,OLA,2,18.533,0.416,10.108,1.0,0.0
ATOM,42,H21,OLA,2,18.986,-0.22,10.723,1.0,0.0
ATOM,43,C1,OLA,3,0.0,0.0,0.0,1.0,0.0
ATOM,44,C2,OLA,3,-0.09,0.44,1.46,1.0,0.0
ATOM,45,C3,OLA,3,0.3,1.9,1.74,1.0,0.0
ATOM,46,C4,OLA,3,0.223,2.089,3.256,1.0,0.0
ATOM,47,C5,OLA,3,0.857,3.386,3.774,1.0,0.0
ATOM,48,C6,OLA,3,0.766,3.394,5.297,1.0,0.0
ATOM,49,C7,OLA,3,1.931,4.148,5.936,1.0,0.0
ATOM,50,C8,OLA,3,1.869,4.301,7.463,1.0,0.0
ATOM,51,C9,OLA,3,3.098,5.114,7.884,1.0,0.0
ATOM,52,C10,OLA,3,3.276,5.646,9.157,1.0,0.0
ATOM,53,C11,OLA,3,4.532,6.416,9.581,1.0,0.0
ATOM,54,C12,OLA,3,4.174,7.068,10.912,1.0,0.0
ATOM,55,C13,OLA,3,5.094,8.191,11.416,1.0,0.0
ATOM,56,C14,OLA,3,4.544,8.745,12.733,1.0,0.0
ATOM,57,C15,OLA,3,5.357,9.919,13.29,1.0,0.0
ATOM,58,C16,OLA,3,4.494,10.739,14.25,1.0,0.0
ATOM,59,C17,OLA,3,5.374,11.91,14.679,1.0,0.0
ATOM,60,C18,OLA,3,4.803,12.519,15.954,1.0,0.0
ATOM,62,O20,OLA,3,4.944,13.861,16.106,1.0,0.0
ATOM,63,H21,OLA,3,4.476,14.178,16.932,1.0,0.0
ATOM,106,C1,OLA,6,0.0,0.0,0.0,1.0,0.0
ATOM,107,C2,OLA,6,0.34,0.48,1.42,1.0,0.0
ATOM,108,C3,OLA,6,-0.88,0.65,2.33,1.0,0.0
ATOM,109,C4,OLA,6,-0.58,1.575,3.512,1.0,0.0
ATOM,110,C5,OLA,6,-1.837,1.939,4.308,1.0,0.0
ATOM,111,C6,OLA,6,-1.488,2.749,5.555,1.0,0.0
ATOM,112,C7,OLA,6,-2.817,3.138,6.192,1.0,0.0
ATOM,113,C8,OLA,6,-2.607,4.315,7.157,1.0,0.0
ATOM,114,C9,OLA,6,-3.635,5.445,7.045,1.0,0.0
ATOM,115,C10,OLA,6,-3.705,6.584,7.844,1.0,0.0
ATOM,116,C11,OLA,6,-4.907,7.529,7.79,1.0,0.0
ATOM,117,C12,OLA,6,-4.508,8.716,8.663,1.0,0.0
ATOM,118,C13,OLA,6,-5.461,9.893,8.442,1.0,0.0
ATOM,119,C14,OLA,6,-4.885,11.011,9.324,1.0,0.0
ATOM,120,C15,OLA,6,-5.748,12.258,9.164,1.0,0.0
ATOM,121,C16,OLA,6,-6.807,12.258,8.068,1.0,0.0
ATOM,122,C17,OLA,6,-7.323,13.674,7.817,1.0,0.0
ATOM,123,C18,OLA,6,-8.289,13.794,6.64,1.0,0.0
ATOM,125,O20,OLA,6,-9.63,13.737,6.869,1.0,0.0
ATOM,126,H21,OLA,6,-10.145,14.198,6.136,1.0,0.0
ATOM,127,C1,OLA,7,0.0,0.0,0.0,1.0,0.0
ATOM,128,C2,OLA,7,0.1,1.37,-0.68,1.0,0.0
ATOM,129,C3,OLA,7,-0.02,1.26,-2.21,1.0,0.0
ATOM,130,C4,OLA,7,-0.25,2.6,-2.92,1.0,0.0
ATOM,131,C5,OLA,7,1.003,2.996,-3.692,1.0,0.0
ATOM,132,C6,OLA,7,0.681,4.028,-4.771,1.0,0.0
ATOM,133,C7,OLA,7,1.94,4.437,-5.552,1.0,0.0
ATOM,134,C8,OLA,7,1.848,5.866,-6.08,1.0,0.0
ATOM,135,C9,OLA,7,3.172,6.487,-6.532,1.0,0.0
ATOM,136,C10,OLA,7,3.175,7.593,-7.365,1.0,0.0
ATOM,137,C11,OLA,7,4.469,8.286,-7.798,1.0,0.0
ATOM,138,C12,OLA,7,4.289,9.426,-8.8,1.0,0.0
ATOM,139,C13,OLA,7,5.66,9.857,-9.306,1.0,0.0
ATOM,140,C14,OLA,7,5.594,10.885,-10.44,1.0,0.0
ATOM,141,C15,OLA,7,6.98,11.213,-10.987,1.0,0.0
ATOM,142,C16,OLA,7,6.92,12.179,-12.173,1.0,0.0
ATOM,143,C17,OLA,7,8.35,12.31,-12.73,1.0,0.0
ATOM,144,C18,OLA,7,8.28,13.202,-13.97,1.0,0.0
ATOM,146,O20,OLA,7,9.403,13.949,-14.123,1.0,0.0
ATOM,147,H21,OLA,7,9.096,14.487,-14.906,1.0,0.0
ATOM,148,C1,OLA,8,0.0,0.0,0.0,1.0,0.0
ATOM,149,C2,OLA,8,0.96,0.27,1.16,1.0,0.0
ATOM,150,C3,OLA,8,2.39,0.65,0.77,1.0,0.0
ATOM,151,C4,OLA,8,3.52,0.42,1.78,1.0,0.0
ATOM,152,C5,OLA,8,4.929,0.792,1.317,1.0,0.0
ATOM,153,C6,OLA,8,5.915,0.712,2.483,1.0,0.0
ATOM,154,C7,OLA,8,6.666,1.965,2.946,1.0,0.0
ATOM,155,C8,OLA,8,8.057,1.732,3.548,1.0,0.0
ATOM,156,C9,OLA,8,8.434,0.255,3.475,1.0,0.0
ATOM,157,C10,OLA,8,9.747,-0.186,3.64,1.0,0.0
ATOM,158,C11,OLA,8,10.201,-1.645,3.628,1.0,0.0
ATOM,159,C12,OLA,8,11.728,-1.593,3.667,1.0,0.0
ATOM,160,C13,OLA,8,12.346,-2.902,3.165,1.0,0.0
ATOM,161,C14,OLA,8,13.85,-2.636,3.266,1.0,0.0
ATOM,162,C15,OLA,8,14.589,-3.936,2.932,1.0,0.0
ATOM,163,C16,OLA,8,16.014,-3.66,2.457,1.0,0.0
ATOM,164,C17,OLA,8,16.685,-4.977,2.073,1.0,0.0
ATOM,165,C18,OLA,8,18.044,-4.739,1.397,1.0,0.0
ATOM,167,O20,OLA,8,18.383,-5.771,0.571,1.0,0.0
ATOM,168,H21,OLA,8,19.148,-5.398,0.038,1.0,0.0
ATOM,169,C1,OLA,9,0.0,0.0,0.0,1.0,0.0
ATOM,170,C2,OLA,9,0.32,0.32,1.46,1.0,0.0
ATOM,171,C3,OLA,9,1.45,-0.52,2.05,1.0,0.0
ATOM,172,C4,OLA,9,1.876,0.099,3.385,1.0,0.0
ATOM,173,C5,OLA,9,3.096,1.021,3.362,1.0,0.0
ATOM,174,C6,OLA,9,3.451,1.831,4.614,1.0,0.0
ATOM,175,C7,OLA,9,4.432,2.919,4.164,1.0,0.0
ATOM,176,C8,OLA,9,4.828,3.771,5.376,1.0,0.0
ATOM,177,C9,OLA,9,6.29,3.514,5.756,1.0,0.0
ATOM,178,C10,OLA,9,6.934,4.143,6.816,1.0,0.0
ATOM,179,C11,OLA,9,8.421,4.036,7.144,1.0,0.0
ATOM,180,C12,OLA,9,8.826,4.776,8.424,1.0,0.0
ATOM,181,C13,OLA,9,10.227,4.483,8.96,1.0,0.0
ATOM,182,C14,OLA,9,10.468,5.373,10.187,1.0,0.0
ATOM,183,C15,OLA,9,11.778,5.028,10.896,1.0,0.0
ATOM,184,C16,OLA,9,12.142,5.808,12.167,1.0,0.0
ATOM,185,C17,OLA,9,13.64,5.67,12.44,1.0,0.0
ATOM,186,C18,OLA,9,14.052,4.801,13.635,1.0,0.0
ATOM,188,O20,OLA,9,14.865,3.745,13.392,1.0,0.0
ATOM,189,H21,OLA,9,14.904,3.148,14.192,1.0,0.0
ATOM,190,C1,OLA,10,0.0,0.0,0.0,1.0,0.0
ATOM,191,C2,OLA,10,-0.13,-0.27,1.5,1.0,0.0
ATOM,192,C3,OLA,10,0.39,0.89,2.35,1.0,0.0
ATOM,193,C4,OLA,10,0.362,0.443,3.812,1.0,0.0
ATOM,194,C5,OLA,10,0.628,1.73,4.594,1.0,0.0
ATOM,195,C6,OLA,10,0.436,1.293,6.046,1.0,0.0
ATOM,196,C7,OLA,10,0.601,2.545,6.915,1.0,0.0
ATOM,197,C8,OLA,10,0.345,2.265,8.393,1.0,0.0
ATOM,198,C9,OLA,10,0.001,3.52,9.193,1.0,0.0
ATOM,199,C10,OLA,10,-0.268,3.48,10.56,1.0,0.0
ATOM,200,C11,OLA,10,-0.789,4.655,11.385,1.0,0.0
ATOM,201,C12,OLA,10,-1.13,4.25,12.816,1.0,0.0
ATOM,202,C13,OLA,10,-1.448,5.463,13.701,1.0,0.0
ATOM,203,C14,OLA,10,-1.136,4.979,15.117,1.0,0.0
ATOM,204,C15,OLA,10,-1.343,6.096,16.146,1.0,0.0
ATOM,205,C16,OLA,10,-1.185,5.594,17.584,1.0,0.0
ATOM,206,C17,OLA,10,-1.462,6.741,18.555,1.0,0.0
ATOM,207,C18,OLA,10,-1.135,6.543,20.036,1.0,0.0
ATOM,209,O20,OLA,10,-2.163,6.603,20.923,1.0,0.0
ATOM,210,H21,OLA,10,-1.744,6.667,21.825,1.0,0.0
ATOM,211,C1,OLA,11,0.0,0.0,0.0,1.0,0.0
ATOM,212,C2,OLA,11,0.56,-0.46,1.35,1.0,0.0
ATOM,213,C3,OLA,11,0.29,-1.94,1.63,1.0,0.0
ATOM,214,C4,OLA,11,0.97,-2.295,2.948,1.0,0.0
ATOM,215,C5,OLA,11,0.496,-3.56,3.673,1.0,0.0
ATOM,216,C6,OLA,11,0.894,-3.374,5.141,1.0,0.0
ATOM,217,C7,OLA,11,-0.003,-4.325,5.938,1.0,0.0
ATOM,218,C8,OLA,11,0.209,-4.176,7.442,1.0,0.0
ATOM,219,C9,OLA,11,-1.005,-4.582,8.272,1.0,0.0
ATOM,220,C10,OLA,11,-1.011,-4.62,9.665,1.0,0.0
ATOM,221,C11,OLA,11,-2.151,-5.289,10.43,1.0,0.0
ATOM,222,C12,OLA,11,-1.973,-5.3,11.952,1.0,0.0
ATOM,223,C13,OLA,11,-3.086,-6.043,12.699,1.0,0.0
ATOM,224,C14,OLA,11,-2.93,-5.686,14.184,1.0,0.0
ATOM,225,C15,OLA,11,-4.23,-5.927,14.948,1.0,0.0
ATOM,226,C16,OLA,11,-4.024,-5.655,16.441,1.0,0.0
ATOM,227,C17,OLA,11,-5.347,-5.941,17.173,1.0,0.0
ATOM,228,C18,OLA,11,-5.444,-5.46,18.622,1.0,0.0
ATOM,230,O20,OLA,11,-5.145,-6.298,19.638,1.0,0.0
ATOM,231,H21,OLA,11,-5.24,-5.78,20.494,1.0,0.0
ATOM,232,C1,OLA,12,0.0,0.0,0.0,1.0,0.0
ATOM,233,C2,OLA,12,0.2,-0.65,-1.37,1.0,0.0
ATOM,234,C3,OLA,12,-1.02,-1.44,-1.85,1.0,0.0
ATOM,235,C4,OLA,12,-0.85,-1.51,-3.37,1.0,0.0
ATOM,236,C5,OLA,12,-1.99,-0.945,-4.205,1.0,0.0
ATOM,237,C6,OLA,12,-1.818,-1.083,-5.726,1.0,0.0
ATOM,238,C7,OLA,12,-3.088,-0.584,-6.414,1.0,0.0
ATOM,239,C8,OLA,12,-3.224,-0.685,-7.928,1.0,0.0
ATOM,240,C9,OLA,12,-4.549,-0.102,-8.408,1.0,0.0
ATOM,241,C10,OLA,12,-5.084,-0.1,-9.689,1.0,0.0
ATOM,242,C11,OLA,12,-6.367,0.664,-10.016,1.0,0.0
ATOM,243,C12,OLA,12,-6.749,0.144,-11.398,1.0,0.0
ATOM,244,C13,OLA,12,-8.142,0.668,-11.714,1.0,0.0
ATOM,245,C14,OLA,12,-8.671,0.216,-13.076,1.0,0.0
ATOM,246,C15,OLA,12,-10.107,0.729,-13.182,1.0,0.0
ATOM,247,C16,OLA,12,-10.783,0.074,-14.388,1.0,0.0
ATOM,248,C17,OLA,12,-12.29,0.338,-14.395,1.0,0.0
ATOM,249,C18,OLA,12,-12.963,-0.287,-15.611,1.0,0.0
ATOM,251,O20,OLA,12,-13.72,-1.393,-15.392,1.0,0.0
ATOM,252,H21,OLA,12,-14.109,-1.68,-16.279,1.0,0.0
ATOM,253,C1,OLA,13,0.0,0.0,0.0,1.0,0.0
ATOM,254,C2,OLA,13,-1.4,-0.6,-0.12,1.0,0.0
ATOM,255,C3,OLA,13,-1.53,-2.09,-0.45,1.0,0.0
ATOM,256,C4,OLA,13,-2.008,-2.963,0.715,1.0,0.0
ATOM,257,C5,OLA,13,-1.846,-4.396,0.206,1.0,0.0
ATOM,258,C6,OLA,13,-2.184,-5.496,1.214,1.0,0.0
ATOM,259,C7,OLA,13,-1.62,-6.883,0.91,1.0,0.0
ATOM,260,C8,OLA,13,-2.022,-7.848,2.034,1.0,0.0
ATOM,261,C9,OLA,13,-1.44,-9.258,1.985,1.0,0.0
ATOM,262,C10,OLA,13,-1.331,-10.113,3.073,1.0,0.0
ATOM,263,C11,OLA,13,-0.664,-11.491,3.085,1.0,0.0
ATOM,264,C12,OLA,13,-0.818,-12.222,4.422,1.0,0.0
ATOM,265,C13,OLA,13,-1.668,-11.505,5.467,1.0,0.0
ATOM,266,C14,OLA,13,-1.706,-12.279,6.785,1.0,0.0
ATOM,267,C15,OLA,13,-2.22,-11.466,7.987,1.0,0.0
ATOM,268,C16,OLA,13,-2.233,-12.358,9.23,1.0,0.0
ATOM,269,C17,OLA,13,-2.564,-11.458,10.421,1.0,0.0
ATOM,270,C18,OLA,13,-2.614,-12.323,11.687,1.0,0.0
ATOM,272,O20,OLA,13,-2.087,-11.633,12.734,1.0,0.0
ATOM,273,H21,OLA,13,-2.022,-12.328,13.451,1.0,0.0
ATOM,274,C1,OLA,14,0.0,0.0,0.0,1.0,0.0
ATOM,275,C2,OLA,14,-0.2,-0.28,-1.5,1.0,0.0
ATOM,276,C3,OLA,14,1.21,-0.28,-2.08,1.0,0.0
ATOM,277,C4,OLA,14,1.193,-0.362,-3.615,1.0,0.0
ATOM,278,C5,OLA,14,2.511,-0.563,-4.349,1.0,0.0
ATOM,279,C6,OLA,14,2.154,-0.767,-5.819,1.0,0.0
ATOM,280,C7,OLA,14,3.381,-1.171,-6.644,1.0,0.0
ATOM,281,C8,OLA,14,3.123,-1.391,-8.133,1.0,0.0
ATOM,282,C9,OLA,14,4.428,-1.957,-8.705,1.0,0.0
ATOM,283,C10,OLA,14,4.621,-2.578,-9.934,1.0,0.0
ATOM,284,C11,OLA,14,6.017,-3.05,-10.354,1.0,0.0
ATOM,285,C12,OLA,14,6.046,-3.76,-11.703,1.0,0.0
ATOM,286,C13,OLA,14,7.467,-4.118,-12.142,1.0,0.0
ATOM,287,C14,OLA,14,7.368,-4.652,-13.578,1.0,0.0
ATOM,288,C15,OLA,14,8.764,-4.903,-14.131,1.0,0.0
ATOM,289,C16,OLA,14,8.663,-5.066,-15.647,1.0,0.0
ATOM,290,C17,OLA,14,9.836,-5.849,-16.245,1.0,0.0
ATOM,291,C18,OLA,14,9.638,-5.867,-17.765,1.0,0.0
ATOM,293,O20,OLA,14,10.262,-4.892,-18.481,1.0,0.0
ATOM,294,H21,OLA,14,9.787,-4.943,-19.357,1.0,0.0
ATOM,295,C1,OLA,15,0.0,0.0,0.0,1.0,0.0
ATOM,296,C2,OLA,15,-0.12,-0.53,-1.43,1.0,0.0
ATOM,297,C3,OLA,15,0.07,0.6,-2.45,1.0,0.0
ATOM,298,C4,OLA,15,-0.1,0.11,-3.9,1.0,0.0
ATOM,299,C5,OLA,15,0.178,1.313,-4.796,1.0,0.0
ATOM,300,C6,OLA,15,-0.54,1.151,-6.135,1.0,0.0
ATOM,301,C7,OLA,15,-0.486,2.485,-6.878,1.0,0.0
ATOM,302,C8,OLA,15,-0.421,2.146,-8.364,1.0,0.0
ATOM,303,C9,OLA,15,-1.281,2.99,-9.31,1.0,0.0
ATOM,304,C10,OLA,15,-1.382,2.847,-10.679,1.0,0.0
ATOM,305,C11,OLA,15,-2.298,3.778,-11.48,1.0,0.0
ATOM,306,C12,OLA,15,-2.197,3.32,-12.936,1.0,0.0
ATOM,307,C13,OLA,15,-2.915,4.25,-13.92,1.0,0.0
ATOM,308,C14,OLA,15,-2.625,3.733,-15.332,1.0,0.0
ATOM,309,C15,OLA,15,-3.557,4.296,-16.397,1.0,0.0
ATOM,310,C16,OLA,15,-3.019,3.794,-17.738,1.0,0.0
ATOM,311,C17,OLA,15,-4.001,4.059,-18.872,1.0,0.0
ATOM,312,C18,OLA,15,-3.488,3.61,-20.246,1.0,0.0
ATOM,314,O20,OLA,15,-4.246,3.729,-21.365,1.0,0.0
ATOM,315,H21,OLA,15,-3.586,3.487,-22.08,1.0,0.0
ATOM,316,C1,OLA,16,0.0,0.0,0.0,1.0,0.0
ATOM,317,C2,OLA,16,0.22,0.1,1.51,1.0,0.0
ATOM,318,C3,OLA,16,-1.21,0.04,2.06,1.0,0.0
ATOM,319,C4,OLA,16,-0.975,0.102,3.574,1.0,0.0
ATOM,320,C5,OLA,16,-2.317,0.445,4.234,1.0,0.0
ATOM,321,C6,OLA,16,-2.127,0.901,5.677,1.0,0.0
ATOM,322,C7,OLA,16,-3.421,1.101,6.466,1.0,0.0
ATOM,323,C8,OLA,16,-3.339,1.76,7.845,1.0,0.0
ATOM,324,C9,OLA,16,-4.711,2.398,8.077,1.0,0.0
ATOM,325,C10,OLA,16,-5.085,2.998,9.283,1.0,0.0
ATOM,326,C11,OLA,16,-6.446,3.653,9.499,1.0,0.0
ATOM,327,C12,OLA,16,-6.447,4.283,10.898,1.0,0.0
ATOM,328,C13,OLA,16,-7.789,4.882,11.314,1.0,0.0
ATOM,329,C14,OLA,16,-7.751,5.69,12.609,1.0,0.0
ATOM,330,C15,OLA,16,-9.175,6.186,12.877,1.0,0.0
ATOM,331,C16,OLA,16,-9.246,7.289,13.935,1.0,0.0
ATOM,332,C17,OLA,16,-10.732,7.618,14.154,1.0,0.0
ATOM,333,C18,OLA,16,-11.03,8.699,15.192,1.0,0.0
ATOM,335,O20,OLA,16,-11.337,8.359,16.477,1.0,0.0
ATOM,336,H21,OLA,16,-11.541,9.253,16.868,1.0,0.0
ATOM,21069,C1,OLA,5409,0.0,0.0,0.0,1.0,0.0
ATOM,21070,C2,OLA,5409,0.77,-0.68,-1.13,1.0,0.0
ATOM,21071,C3,OLA,5409,0.24,0.0,-2.4,1.0,0.0
ATOM,21072,C4,OLA,5409,0.828,-0.288,-3.772,1.0,0.0
ATOM,21073,C5,OLA,5409,-0.218,-0.861,-4.728,1.0,0.0
ATOM,21074,C6,OLA,5409,0.336,-1.192,-6.121,1.0,0.0
ATOM,21075,C7,OLA,5409,-0.751,-1.803,-7.002,1.0,0.0
ATOM,21076,C8,OLA,5409,-0.048,-1.997,-8.341,1.0,0.0
ATOM,21077,C9,OLA,5409,-0.856,-2.811,-9.354,1.0,0.0
ATOM,21078,C10,OLA,5409,-0.473,-3.046,-10.671,1.0,0.0
ATOM,21079,C11,OLA,5409,-1.214,-3.686,-11.855,1.0,0.0
ATOM,21080,C12,OLA,5409,-0.294,-4.004,-13.033,1.0,0.0
ATOM,21081,C13,OLA,5409,-1.309,-4.542,-14.046,1.0,0.0
ATOM,21082,C14,OLA,5409,-0.47,-5.007,-15.238,1.0,0.0
ATOM,21083,C15,OLA,5409,-1.471,-5.449,-16.314,1.0,0.0
ATOM,21084,C16,OLA,5409,-0.674,-5.687,-17.592,1.0,0.0
ATOM,21085,C17,OLA,5409,-1.541,-5.81,-18.85,1.0,0.0
ATOM,21086,C18,OLA,5409,-0.713,-5.688,-20.138,1.0,0.0
ATOM,21088,O20,OLA,5409,-1.352,-6.031,-21.285,1.0,0.0
ATOM,21089,H21,OLA,5409,-0.609,-5.945,-21.951,1.0,0.0
ATOM,21090,C1,OLA,5410,0.0,0.0,0.0,1.0,0.0
ATOM,21091,C2,OLA,5410,-0.65,0.41,-1.32,1.0,0.0
ATOM,21092,C3,OLA,5410,0.35,0.41,-2.47,1.0,0.0
ATOM,21093,C4,OLA,5410,-0.32,0.71,-3.81,1.0,0.0
ATOM,21094,C5,OLA,5410,0.708,0.467,-4.913,1.0,0.0
ATOM,21095,C6,OLA,5410,2.097,0.001,-4.481,1.0,0.0
ATOM,21096,C7,OLA,5410,3.036,-0.337,-5.634,1.0,0.0
ATOM,21097,C8,OLA,5410,4.395,-0.898,-5.231,1.0,0.0
ATOM,21098,C9,OLA,5410,4.926,-1.648,-6.45,1.0,0.0
ATOM,21099,C10,OLA,5410,6.221,-2.158,-6.377,1.0,0.0
ATOM,21100,C11,OLA,5410,6.958,-2.896,-7.494,1.0,0.0
ATOM,21101,C12,OLA,5410,8.408,-3.018,-7.032,1.0,0.0
ATOM,21102,C13,OLA,5410,9.16,-4.318,-7.312,1.0,0.0
ATOM,21103,C14,OLA,5410,10.633,-4.156,-6.916,1.0,0.0
ATOM,21104,C15,OLA,5410,11.551,-5.236,-7.489,1.0,0.0
ATOM,21105,C16,OLA,5410,12.945,-4.868,-6.964,1.0,0.0
ATOM,21106,C17,OLA,5410,13.732,-6.072,-7.472,1.0,0.0
ATOM,21107,C18,OLA,5410,15.211,-5.733,-7.319,1.0,0.0
ATOM,21109,O20,OLA,5410,16.031,-6.794,-7.085,1.0,0.0
ATOM,21110,H21,OLA,5410,16.989,-6.52,-7.016,1.0,0.0
ATOM,21111,C1,OLA,5411,0.0,0.0,0.0,1.0,0.0
ATOM,21112,C2,OLA,5411,-0.88,0.39,1.19,1.0,0.0
ATOM,21113,C3,OLA,5411,0.12,0.82,2.27,1.0,0.0
ATOM,21114,C4,OLA,5411,-0.536,0.966,3.642,1.0,0.0
ATOM,21115,C5,OLA,5411,0.553,1.478,4.583,1.0,0.0
ATOM,21116,C6,OLA,5411,0.216,1.316,6.062,1.0,0.0
ATOM,21117,C7,OLA,5411,1.529,1.526,6.829,1.0,0.0
ATOM,21118,C8,OLA,5411,1.225,1.098,8.264,1.0,0.0
ATOM,21119,C9,OLA,5411,2.531,0.506,8.793,1.0,0.0
ATOM,21120,C10,OLA,5411,2.57,-0.186,10.0,1.0,0.0
ATOM,21121,C11,OLA,5411,3.731,-0.831,10.766,1.0,0.0
ATOM,21122,C12,OLA,5411,3.331,-1.839,11.849,1.0,0.0
ATOM,21123,C13,OLA,5411,4.331,-1.944,13.005,1.0,0.0
ATOM,21124,C14,OLA,5411,4.189,-3.224,13.833,1.0,0.0
ATOM,21125,C15,OLA,5411,5.133,-3.342,15.034,1.0,0.0
ATOM,21126,C16,OLA,5411,4.947,-4.626,15.838,1.0,0.0
ATOM,21127,C17,OLA,5411,6.12,-4.755,16.804,1.0,0.0
ATOM,21128,C18,OLA,5411,6.183,-6.077,17.579,1.0,0.0
ATOM,21130,O20,OLA,5411,7.425,-6.505,17.93,1.0,0.0
ATOM,21131,H21,OLA,5411,7.277,-7.301,18.515,1.0,0.0
ATOM,21174,C1,OLA,5414,0.0,0.0,0.0,1.0,0.0
ATOM,21175,C2,OLA,5414,-0.13,-0.04,1.53,1.0,0.0
ATOM,21176,C3,OLA,5414,0.89,-0.97,2.19,1.0,0.0
ATOM,21177,C4,OLA,5414,0.81,-0.97,3.72,1.0,0.0
ATOM,21178,C5,OLA,5414,2.149,-0.61,4.373,1.0,0.0
ATOM,21179,C6,OLA,5414,1.945,-0.28,5.859,1.0,0.0
ATOM,21180,C7,OLA,5414,3.248,0.189,6.508,1.0,0.0
ATOM,21181,C8,OLA,5414,2.878,0.541,7.944,1.0,0.0
ATOM,21182,C9,OLA,5414,4.164,1.134,8.524,1.0,0.0
ATOM,21183,C10,OLA,5414,4.317,1.683,9.787,1.0,0.0
ATOM,21184,C11,OLA,5414,5.664,2.182,10.331,1.0,0.0
ATOM,21185,C12,OLA,5414,5.446,2.674,11.765,1.0,0.0
ATOM,21186,C13,OLA,5414,6.656,3.403,12.346,1.0,0.0
ATOM,21187,C14,OLA,5414,6.4,3.919,13.765,1.0,0.0
ATOM,21188,C15,OLA,5414,7.579,4.696,14.365,1.0,0.0
ATOM,21189,C16,OLA,5414,7.474,4.629,15.887,1.0,0.0
ATOM,21190,C17,OLA,5414,8.395,5.613,16.616,1.0,0.0
ATOM,21191,C18,OLA,5414,9.794,5.131,16.988,1.0,0.0
ATOM,21193,O20,OLA,5414,10.787,6.055,17.117,1.0,0.0
ATOM,21194,H21,OLA,5414,11.646,5.685,17.485,1.0,0.0
ATOM,21195,C1,OLA,5415,0.0,0.0,0.0,1.0,0.0
ATOM,21196,C2,OLA,5415,-0.18,1.41,0.57,1.0,0.0
ATOM,21197,C3,OLA,5415,1.0,2.26,0.1,1.0,0.0
ATOM,21198,C4,OLA,5415,1.04,3.7,0.61,1.0,0.0
ATOM,21199,C5,OLA,5415,2.132,4.585,-0.011,1.0,0.0
ATOM,21200,C6,OLA,5415,3.053,5.084,1.102,1.0,0.0
ATOM,21201,C7,OLA,5415,4.46,5.187,0.516,1.0,0.0
ATOM,21202,C8,OLA,5415,5.393,6.125,1.276,1.0,0.0
ATOM,21203,C9,OLA,5415,6.738,6.254,0.548,1.0,0.0
ATOM,21204,C10,OLA,5415,7.821,6.708,1.285,1.0,0.0
ATOM,21205,C11,OLA,5415,9.252,6.804,0.749,1.0,0.0
ATOM,21206,C12,OLA,5415,10.287,7.237,1.784,1.0,0.0
ATOM,21207,C13,OLA,5415,11.541,7.468,0.944,1.0,0.0
ATOM,21208,C14,OLA,5415,12.557,8.206,1.821,1.0,0.0
ATOM,21209,C15,OLA,5415,13.925,8.265,1.145,1.0,0.0
ATOM,21210,C16,OLA,5415,14.954,8.475,2.264,1.0,0.0
ATOM,21211,C17,OLA,5415,16.299,8.713,1.576,1.0,0.0
ATOM,21212,C18,OLA,5415,16.772,10.139,1.877,1.0,0.0
ATOM,21214,O20,OLA,5415,17.386,10.684,0.798,1.0,0.0
ATOM,21215,H21,OLA,5415,17.687,11.571,1.118,1.0,0.0
ATOM,21216,C1,OLA,5416,0.0,0.0,0.0,1.0,0.0
ATOM,21217,C2,OLA,5416,-0.12,0.08,1.52,1.0,0.0
ATOM,21218,C3,OLA,5416,0.15,-1.32,2.08,1.0,0.0
ATOM,21219,C4,OLA,5416,-0.0,-1.33,3.6,1.0,0.0
ATOM,21220,C5,OLA,5416,0.213,-2.747,4.148,1.0,0.0
ATOM,21221,C6,OLA,5416,0.406,-2.856,5.667,1.0,0.0
ATOM,21222,C7,OLA,5416,0.593,-4.28,6.191,1.0,0.0
ATOM,21223,C8,OLA,5416,0.497,-4.194,7.722,1.0,0.0
ATOM,21224,C9,OLA,5416,0.418,-5.636,8.236,1.0,0.0
ATOM,21225,C10,OLA,5416,0.293,-6.072,9.552,1.0,0.0
ATOM,21226,C11,OLA,5416,0.261,-7.578,9.821,1.0,0.0
ATOM,21227,C12,OLA,5416,0.186,-7.933,11.299,1.0,0.0
ATOM,21228,C13,OLA,5416,0.234,-6.687,12.186,1.0,0.0
ATOM,21229,C14,OLA,5416,0.406,-7.057,13.661,1.0,0.0
ATOM,21230,C15,OLA,5416,-0.68,-6.469,14.561,1.0,0.0
ATOM,21231,C16,OLA,5416,-0.337,-6.733,16.036,1.0,0.0
ATOM,21232,C17,OLA,5416,-1.273,-5.764,16.763,1.0,0.0
ATOM,21233,C18,OLA,5416,-1.381,-5.998,18.269,1.0,0.0
ATOM,21235,O20,OLA,5416,-0.835,-5.051,19.08,1.0,0.0
ATOM,21236,H21,OLA,5416,-0.794,-5.433,20.004,1.0,0.0
ATOM,21237,C1,OLA,5417,0.0,0.0,0.0,1.0,0.0
ATOM,21238,C2,OLA,5417,0.32,-1.03,1.09,1.0,0.0
ATOM,21239,C3,OLA,5417,0.51,-0.25,2.39,1.0,0.0
ATOM,21240,C4,OLA,5417,0.68,-1.22,3.56,1.0,0.0
ATOM,21241,C5,OLA,5417,0.78,-0.45,4.88,1.0,0.0
ATOM,21242,C6,OLA,5417,1.421,-1.393,5.91,1.0,0.0
ATOM,21243,C7,OLA,5417,1.506,-0.75,7.295,1.0,0.0
ATOM,21244,C8,OLA,5417,2.349,-1.486,8.339,1.0,0.0
ATOM,21245,C9,OLA,5417,2.327,-0.696,9.652,1.0,0.0
ATOM,21246,C10,OLA,5417,2.794,-1.209,10.857,1.0,0.0
ATOM,21247,C11,OLA,5417,2.63,-0.333,12.1,1.0,0.0
ATOM,21248,C12,OLA,5417,3.5,-0.982,13.168,1.0,0.0
ATOM,21249,C13,OLA,5417,3.547,-0.159,14.459,1.0,0.0
ATOM,21250,C14,OLA,5417,4.763,-0.761,15.157,1.0,0.0
ATOM,21251,C15,OLA,5417,5.228,-2.015,14.403,1.0,0.0
ATOM,21252,C16,OLA,5417,6.42,-2.587,15.172,1.0,0.0
ATOM,21253,C17,OLA,5417,6.945,-3.906,14.618,1.0,0.0
ATOM,21254,C18,OLA,5417,8.153,-3.811,13.691,1.0,0.0
ATOM,21256,O20,OLA,5417,7.953,-3.914,12.358,1.0,0.0
ATOM,21257,H21,OLA,5417,8.834,-3.849,11.889,1.0,0.0
ATOM,21258,C1,OLA,5418,0.0,0.0,0.0,1.0,0.0
ATOM,21259,C2,OLA,5418,-0.3,-1.01,1.1,1.0,0.0
ATOM,21260,C3,OLA,5418,-0.25,-0.35,2.48,1.0,0.0
ATOM,21261,C4,OLA,5418,-0.744,-1.367,3.514,1.0,0.0
ATOM,21262,C5,OLA,5418,-0.525,-0.738,4.893,1.0,0.0
ATOM,21263,C6,OLA,5418,-0.818,-1.723,6.04,1.0,0.0
ATOM,21264,C7,OLA,5418,-1.154,-1.049,7.364,1.0,0.0
ATOM,21265,C8,OLA,5418,-1.353,-2.145,8.412,1.0,0.0
ATOM,21266,C9,OLA,5418,-2.815,-2.264,8.862,1.0,0.0
ATOM,21267,C10,OLA,5418,-3.255,-3.041,9.928,1.0,0.0
ATOM,21268,C11,OLA,5418,-4.754,-3.075,10.223,1.0,0.0
ATOM,21269,C12,OLA,5418,-4.873,-3.675,11.624,1.0,0.0
ATOM,21270,C13,OLA,5418,-6.329,-3.887,12.035,1.0,0.0
ATOM,21271,C14,OLA,5418,-6.351,-4.526,13.428,1.0,0.0
ATOM,21272,C15,OLA,5418,-7.687,-4.607,14.166,1.0,0.0
ATOM,21273,C16,OLA,5418,-7.497,-4.885,15.662,1.0,0.0
ATOM,21274,C17,OLA,5418,-8.903,-5.192,16.165,1.0,0.0
ATOM,21275,C18,OLA,5418,-8.824,-5.63,17.625,1.0,0.0
ATOM,21277,O20,OLA,5418,-9.557,-4.878,18.49,1.0,0.0
ATOM,21278,H21,OLA,5418,-9.443,-5.292,19.398,1.0,0.0
ATOM,21279,C1,OLA,5419,0.0,0.0,0.0,1.0,0.0
ATOM,21280,C2,OLA,5419,0.45,-0.83,1.2,1.0,0.0
ATOM,21281,C3,OLA,5419,1.62,-0.37,2.08,1.0,0.0
ATOM,21282,C4,OLA,5419,1.852,-1.421,3.162,1.0,0.0
ATOM,21283,C5,OLA,5419,2.973,-0.965,4.103,1.0,0.0
ATOM,21284,C6,OLA,5419,3.085,-1.963,5.259,1.0,0.0
ATOM,21285,C7,OLA,5419,4.368,-1.6,6.013,1.0,0.0
ATOM,21286,C8,OLA,5419,4.517,-2.648,7.116,1.0,0.0
ATOM,21287,C9,OLA,5419,5.436,-2.04,8.184,1.0,0.0
ATOM,21288,C10,OLA,5419,6.177,-2.764,9.11,1.0,0.0
ATOM,21289,C11,OLA,5419,7.069,-2.053,10.122,1.0,0.0
ATOM,21290,C12,OLA,5419,7.456,-3.142,11.127,1.0,0.0
ATOM,21291,C13,OLA,5419,8.309,-2.578,12.268,1.0,0.0
ATOM,21292,C14,OLA,5419,8.444,-3.789,13.196,1.0,0.0
ATOM,21293,C15,OLA,5419,9.064,-3.434,14.556,1.0,0.0
ATOM,21294,C16,OLA,5419,9.209,-4.839,15.154,1.0,0.0
ATOM,21295,C17,OLA,5419,9.886,-4.866,16.522,1.0,0.0
ATOM,21296,C18,OLA,5419,9.033,-5.509,17.609,1.0,0.0
ATOM,21298,O20,OLA,5419,9.211,-4.955,18.842,1.0,0.0
ATOM,21299,H21,OLA,5419,8.538,-5.345,19.467,1.0,0.0
ATOM,21300,C1,OLA,5420,0.0,0.0,0.0,1.0,0.0
ATOM,21301,C2,OLA,5420,-0.25,-0.62,-1.37,1.0,0.0
ATOM,21302,C3,OLA,5420,-1.68,-0.43,-1.9,1.0,0.0
ATOM,21303,C4,OLA,5420,-1.95,-0.99,-3.3,1.0,0.0
ATOM,21304,C5,OLA,5420,-3.21,-0.56,-4.04,1.0,0.0
ATOM,21305,C6,OLA,5420,-3.34,-0.99,-5.51,1.0,0.0
ATOM,21306,C7,OLA,5420,-2.306,-2.056,-5.88,1.0,0.0
ATOM,21307,C8,OLA,5420,-2.035,-2.07,-7.383,1.0,0.0
ATOM,21308,C9,OLA,5420,-0.802,-2.965,-7.577,1.0,0.0
ATOM,21309,C10,OLA,5420,0.128,-2.785,-8.597,1.0,0.0
ATOM,21310,C11,OLA,5420,1.113,-3.856,-9.057,1.0,0.0
ATOM,21311,C12,OLA,5420,1.636,-3.496,-10.447,1.0,0.0
ATOM,21312,C13,OLA,5420,2.817,-4.439,-10.651,1.0,0.0
ATOM,21313,C14,OLA,5420,3.518,-4.577,-11.994,1.0,0.0
ATOM,21314,C15,OLA,5420,4.608,-5.645,-12.116,1.0,0.0
ATOM,21315,C16,OLA,5420,5.337,-5.603,-13.461,1.0,0.0
ATOM,21316,C17,OLA,5420,6.148,-6.88,-13.688,1.0,0.0
ATOM,21317,C18,OLA,5420,6.687,-6.665,-15.098,1.0,0.0
ATOM,21319,O20,OLA,5420,6.054,-7.296,-16.134,1.0,0.0
ATOM,21320,H21,OLA,5420,6.654,-7.105,-16.913,1.0,0.0
ATOM,21321,C1,OLA,5421,0.0,0.0,0.0,1.0,0.0
ATOM,21322,C2,OLA,5421,-0.56,-0.64,-1.26,1.0,0.0
ATOM,21323,C3,OLA,5421,0.01,0.26,-2.36,1.0,0.0
ATOM,21324,C4,OLA,5421,-0.241,-0.176,-3.807,1.0,0.0
ATOM,21325,C5,OLA,5421,0.472,0.611,-4.91,1.0,0.0
ATOM,21326,C6,OLA,5421,-0.108,0.261,-6.278,1.0,0.0
ATOM,21327,C7,OLA,5421,0.275,1.247,-7.391,1.0,0.0
ATOM,21328,C8,OLA,5421,-0.718,1.158,-8.545,1.0,0.0
ATOM,21329,C9,OLA,5421,-0.459,2.088,-9.739,1.0,0.0
ATOM,21330,C10,OLA,5421,-1.353,2.267,-10.782,1.0,0.0
ATOM,21331,C11,OLA,5421,-0.882,3.042,-12.017,1.0,0.0
ATOM,21332,C12,OLA,5421,-2.002,2.988,-13.056,1.0,0.0
ATOM,21333,C13,OLA,5421,-1.35,3.045,-14.437,1.0,0.0
ATOM,21334,C14,OLA,5421,-2.382,2.782,-15.544,1.0,0.0
ATOM,21335,C15,OLA,5421,-1.722,2.954,-16.916,1.0,0.0
ATOM,21336,C16,OLA,5421,-2.06,1.764,-17.822,1.0,0.0
ATOM,21337,C17,OLA,5421,-1.142,1.726,-19.044,1.0,0.0
ATOM,21338,C18,OLA,5421,-1.801,0.801,-20.058,1.0,0.0
ATOM,21340,O20,OLA,5421,-1.642,-0.523,-19.793,1.0,0.0
ATOM,21341,H21,OLA,5421,-2.011,-1.075,-20.538,1.0,0.0
ATOM,21342,C1,OLA,5422,0.0,0.0,0.0,1.0,0.0
ATOM,21343,C2,OLA,5422,0.35,0.49,-1.41,1.0,0.0
ATOM,21344,C3,OLA,5422,-0.21,-0.39,-2.53,1.0,0.0
ATOM,21345,C4,OLA,5422,0.196,0.467,-3.725,1.0,0.0
ATOM,21346,C5,OLA,5422,-0.16,-0.244,-5.032,1.0,0.0
ATOM,21347,C6,OLA,5422,0.075,0.671,-6.229,1.0,0.0
ATOM,21348,C7,OLA,5422,1.401,0.607,-6.99,1.0,0.0
ATOM,21349,C8,OLA,5422,1.789,-0.856,-7.235,1.0,0.0
ATOM,21350,C9,OLA,5422,3.243,-0.986,-7.682,1.0,0.0
ATOM,21351,C10,OLA,5422,3.862,-2.156,-8.115,1.0,0.0
ATOM,21352,C11,OLA,5422,5.253,-2.116,-8.749,1.0,0.0
ATOM,21353,C12,OLA,5422,5.609,-3.553,-9.143,1.0,0.0
ATOM,21354,C13,OLA,5422,6.958,-3.564,-9.857,1.0,0.0
ATOM,21355,C14,OLA,5422,7.086,-5.066,-10.123,1.0,0.0
ATOM,21356,C15,OLA,5422,8.415,-5.266,-10.861,1.0,0.0
ATOM,21357,C16,OLA,5422,8.515,-6.733,-11.301,1.0,0.0
ATOM,21358,C17,OLA,5422,10.002,-7.013,-11.559,1.0,0.0
ATOM,21359,C18,OLA,5422,10.275,-8.521,-11.644,1.0,0.0
ATOM,21361,O20,OLA,5422,11.535,-8.865,-12.01,1.0,0.0
ATOM,21362,H21,OLA,5422,11.78,-9.838,-12.051,1.0,0.0
ATOM,21363,C1,OLA,5423,0.0,0.0,0.0,1.0,0.0
ATOM,21364,C2,OLA,5423,0.23,0.48,-1.43,1.0,0.0
ATOM,21365,C3,OLA,5423,-0.91,1.41,-1.89,1.0,0.0
ATOM,21366,C4,OLA,5423,-0.47,1.95,-3.25,1.0,0.0
ATOM,21367,C5,OLA,5423,-1.41,2.98,-3.88,1.0,0.0
ATOM,21368,C6,OLA,5423,-1.34,2.85,-5.4,1.0,0.0
ATOM,21369,C7,OLA,5423,-2.11,3.89,-6.23,1.0,0.0
ATOM,21370,C8,OLA,5423,-1.81,3.7,-7.72,1.0,0.0
ATOM,21371,C9,OLA,5423,-2.504,4.865,-8.428,1.0,0.0
ATOM,21372,C10,OLA,5423,-2.335,5.062,-9.798,1.0,0.0
ATOM,21373,C11,OLA,5423,-2.899,6.282,-10.519,1.0,0.0
ATOM,21374,C12,OLA,5423,-2.514,6.199,-11.996,1.0,0.0
ATOM,21375,C13,OLA,5423,-2.994,7.362,-12.861,1.0,0.0
ATOM,21376,C14,OLA,5423,-3.122,6.789,-14.275,1.0,0.0
ATOM,21377,C15,OLA,5423,-3.888,7.741,-15.198,1.0,0.0
ATOM,21378,C16,OLA,5423,-3.965,7.142,-16.602,1.0,0.0
ATOM,21379,C17,OLA,5423,-4.784,7.991,-17.563,1.0,0.0
ATOM,21380,C18,OLA,5423,-5.088,7.287,-18.887,1.0,0.0
ATOM,21382,O20,OLA,5423,-5.736,8.003,-19.853,1.0,0.0
ATOM,21383,H21,OLA,5423,-5.899,7.433,-20.664,1.0,0.0
