,REMARK,Cx,1DPP,COMPLIES,X,Y,Z,"2.0,",18-NOV-1998,dots-angle,dots-distance,planes-angle,Xsim,Ysim,Zsim,atom_seq
0,1.0,C1,OLA,1.0,0.0,0.0,0.0,1.0,0.0,0.0,1.5313066316058355,0.0,0.0,0.0,0.0,
1,2.0,C2,OLA,1.0,0.3400000000000034,0.5700000000000003,-1.3800000000000026,1.0,0.0,107.74807899719426,1.5347312468311802,0.0,0.34,0.57,-1.38,
2,3.0,C3,OLA,1.0,1.75,0.08999999999999986,-1.75,1.0,0.0,118.52979782889318,1.5347638254793492,179.85822704070188,1.75,0.09,-1.75,CCCC
3,4.0,C4,OLA,1.0,2.3426035414934145,0.5254259080705531,-3.097117411805817,1.0,0.0,104.61873394963851,1.5301307133714541,176.52873042842654,2.343,0.525,-3.097,CCCC
4,5.0,C5,OLA,1.0,3.691941863513324,-0.191836491935244,-3.1753525846610655,1.0,0.0,110.73895181844625,1.5286922515671089,173.20589884875457,3.692,-0.192,-3.175,CCCC
5,6.0,C6,OLA,1.0,4.334807601606938,0.012368985443330708,-4.547184850572819,1.0,0.0,109.13063131904579,1.5293789589400004,117.86421420398939,4.335,0.012,-4.547,CCCC
6,7.0,C7,OLA,1.0,5.6587476462495285,0.7582111575098603,-4.374262288163246,1.0,0.0,127.75500468269556,1.5360664048135753,173.7861402593722,5.659,0.758,-4.374,CCCC
7,8.0,C8,OLA,1.0,6.584788864200946,1.298047824831376,-5.474500460226012,1.0,0.0,115.75224178715544,1.524893438899655,178.16279184861367,6.585,1.298,-5.475,CCCC
8,9.0,C9,OLA,1.0,7.8246662423535005,2.0423347436961055,-4.990722546766932,1.0,0.0,122.15537537073585,1.393341307791681,162.27036891757916,7.825,2.042,-4.991,CCCC
9,10.0,C10,OLA,1.0,8.555083048933628,2.8867116529269636,-5.824340519098513,1.0,0.0,126.32038919485609,1.5239750654215352,174.30412418835553,8.555,2.887,-5.824,CCCC
10,11.0,C11,OLA,1.0,9.868786373541269,3.57870308301597,-5.481074680975041,1.0,0.0,109.40391347488664,1.5283324245727448,173.42447402080214,9.869,3.579,-5.481,CCCC
11,12.0,C12,OLA,1.0,10.24710463768221,4.538189899121597,-6.608931205860768,1.0,0.0,117.38891594436839,1.5316984037301582,115.83669854679393,10.247,4.538,-6.609,CCCC
12,13.0,C13,OLA,1.0,10.29315449137989,6.032748915962512,-6.276857786027693,1.0,0.0,112.53542387303459,1.529051993883596,175.12946702477004,10.293,6.033,-6.277,CCCC
13,14.0,C14,OLA,1.0,10.796788667919577,6.877883724914113,-7.447370396276032,1.0,0.0,111.12585874987434,1.5253196386305212,170.47985273397356,10.797,6.878,-7.447,CCCC
14,15.0,C15,OLA,1.0,10.610923505630126,8.36635676661173,-7.170780183467221,1.0,0.0,114.20805353824211,1.530555454869464,173.3704318445063,10.611,8.366,-7.171,CCCC
15,16.0,C16,OLA,1.0,11.23574800352613,9.283403308873725,-8.224924380154288,1.0,0.0,109.99259250087205,1.5282015573839158,167.7095274282412,11.236,9.283,-8.225,CCCC
16,17.0,C17,OLA,1.0,11.265725678790409,10.723110800805896,-7.71331547032501,1.0,0.0,115.57539757898586,1.527612516264128,174.97898815101556,11.266,10.723,-7.713,CCCC
17,18.0,C18,OLA,1.0,11.974170676107349,11.729810272349251,-8.617893747547832,1.0,0.0,113.82004163874574,1.3631580979365998,143.52063439999895,11.974,11.73,-8.618,CCCO
18,20.0,O20,OLA,1.0,12.668606089567133,12.686463157492408,-7.939089862655307,1.0,0.0,95.211116013047,0.9974968671647912,170.23257236358916,12.669,12.686,-7.939,CCOH
19,21.0,H21,OLA,1.0,13.127879614079195,13.05384247978974,-8.744757451186928,1.0,0.0,0.0,0.0,0.0,13.128,13.054,-8.745,
0,22.0,C1,OLA,2.0,0.0,0.0,0.0,1.0,0.0,0.0,1.5322206107476781,0.0,0.0,0.0,0.0,
1,23.0,C2,OLA,2.0,1.1199999999999974,-0.8699999999999974,-0.5799999999999983,1.0,0.0,109.93933320938724,1.5344705927452666,0.0,1.12,-0.87,-0.58,
2,24.0,C3,OLA,2.0,2.3900000000000006,-0.029999999999997584,-0.7700000000000031,1.0,0.0,107.71807117127523,1.5370751445521453,130.3331551880752,2.39,-0.03,-0.77,CCCC
3,25.0,C4,OLA,2.0,3.5590071959656693,-0.7990237076608516,-0.13389881871223847,1.0,0.0,116.42750192021234,1.5233187453714372,179.6644655478426,3.559,-0.799,-0.134,CCCC
4,26.0,C5,OLA,2.0,4.927017662847453,-0.13259426202919078,-0.20403551741381126,1.0,0.0,114.31435508492073,1.5313719339206897,157.0663681337693,4.927,-0.133,-0.204,CCCC
5,27.0,C6,OLA,2.0,5.915208878388963,-0.6073101447805512,0.8651805281929101,1.0,0.0,110.96119860276451,1.5267612779999373,176.61044255514747,5.915,-0.607,0.865,CCCC
6,28.0,C7,OLA,2.0,7.228298205706374,0.16671156524848424,0.7775060684635031,1.0,0.0,98.47098145382128,1.5339817469578947,172.8652724542682,7.228,0.167,0.778,CCCC
7,29.0,C8,OLA,2.0,8.03480119334109,-0.6395442789601341,1.8034711968236508,1.0,0.0,109.51067766385272,1.52833242457261,178.3348491813734,8.035,-0.64,1.803,CCCC
8,30.0,C9,OLA,2.0,9.45558761403395,-0.08266048194805195,1.8874139356410706,1.0,0.0,122.72243349953418,1.393054198514901,168.85458542972304,9.456,-0.083,1.887,CCCC
9,31.0,C10,OLA,2.0,10.352750859413828,-0.45541961964920336,2.885786980347462,1.0,0.0,125.1375716370762,1.522399421965206,10.993829074765975,10.353,-0.455,2.886,CCCC
10,32.0,C11,OLA,2.0,11.68391916865941,0.22759872729132247,3.167170828858468,1.0,0.0,114.61611594851787,1.531535177526131,168.60973416862035,11.684,0.228,3.167,CCCC
11,33.0,C12,OLA,2.0,12.601444246734312,-0.5344775345716781,4.12789321433063,1.0,0.0,111.86476401834476,1.5267285285865348,172.95366562782402,12.601,-0.534,4.128,CCCC
12,34.0,C13,OLA,2.0,13.837179535297949,0.2808456564249872,4.5008629059335545,1.0,0.0,106.33966416870166,1.533818763739702,177.63381366086537,13.837,0.281,4.501,CCCC
13,35.0,C14,OLA,2.0,14.688001517769685,-0.6160074531448629,5.408803682662471,1.0,0.0,108.9779330400903,1.5344705927452629,175.68108712963638,14.688,-0.616,5.409,CCCC
14,36.0,C15,OLA,2.0,15.897685276193787,0.18461468411255347,5.909073008065203,1.0,0.0,113.87213987225202,1.5256146302392375,172.7261761189921,15.898,0.185,5.909,CCCC
15,37.0,C16,OLA,2.0,16.727709273456945,-0.5438579113986608,6.961635520012195,1.0,0.0,110.94506881931127,1.5380507143784279,153.38264600657695,16.728,-0.544,6.962,CCCC
16,38.0,C17,OLA,2.0,17.461826173330376,0.45564775815113656,7.8713941659496935,1.0,0.0,111.81072140339268,1.5227934856703347,178.56599868750163,17.462,0.456,7.871,CCCC
17,39.0,C18,OLA,2.0,18.269325511358794,-0.250561150451326,8.952187299018554,1.0,0.0,118.59362090591802,1.359632303234959,154.52466618208018,18.269,-0.251,8.952,CCCO
18,41.0,O20,OLA,2.0,18.53293467786993,0.4159356537254351,10.10756265676884,1.0,0.0,107.52246426179006,0.9944847912361476,5.376154536859421,18.533,0.416,10.108,CCOH
19,42.0,H21,OLA,2.0,18.986332924321626,-0.21992967117180795,10.723277947034271,1.0,0.0,0.0,0.0,0.0,18.986,-0.22,10.723,
0,43.0,C1,OLA,3.0,0.0,0.0,0.0,1.0,0.0,0.0,1.5275143207184605,0.0,0.0,0.0,0.0,
1,44.0,C2,OLA,3.0,-0.08999999999999986,0.4399999999999977,1.4599999999999937,1.0,0.0,115.64632231991085,1.5369124893760295,0.0,-0.09,0.44,1.46,
2,45.0,C3,OLA,3.0,0.3000000000000007,1.9000000000000057,1.7399999999999949,1.0,0.0,106.55959902987676,1.5297712247261106,176.4281690125279,0.3,1.9,1.74,CCCC
3,46.0,C4,OLA,3.0,0.22338223524643436,2.088669051443719,3.2561575469437063,1.0,0.0,114.72798240599951,1.5337861650177937,167.66470656609758,0.223,2.089,3.256,CCCC
4,47.0,C5,OLA,3.0,0.8571757870682564,3.3857834333169663,3.774134394042165,1.0,0.0,108.46584179915823,1.52528685826634,177.1322577108191,0.857,3.386,3.774,CCCC
5,48.0,C6,OLA,3.0,0.7656294524349028,3.393796160122164,5.296650425098665,1.0,0.0,111.99700759333469,1.5280706789936136,149.14207718456453,0.766,3.394,5.297,CCCC
6,49.0,C7,OLA,3.0,1.930921878660543,4.147548118269112,5.936143620505676,1.0,0.0,115.7511715145924,1.5356431877229824,175.52238704912068,1.931,4.148,5.936,CCCC
7,50.0,C8,OLA,3.0,1.8685744351619822,4.301266959161435,7.46280118365925,1.0,0.0,107.06407085312694,1.5327752607606846,178.36690838959464,1.869,4.301,7.463,CCCC
8,51.0,C9,OLA,3.0,3.0983311968941347,5.113661365534367,7.88364989219242,1.0,0.0,123.79632478926915,1.3918692467326181,168.9084458075275,3.098,5.114,7.884,CCCC
9,52.0,C10,OLA,3.0,3.275501100071512,5.646447362996464,9.157247122992004,1.0,0.0,123.32257462520224,1.532905737480291,2.171498950194207,3.276,5.646,9.157,CCCC
10,53.0,C11,OLA,3.0,4.531561831433905,6.416356530304186,9.580746016568913,1.0,0.0,105.28335627590337,1.5247622765533044,167.813328090306,4.532,6.416,9.581,CCCC
11,54.0,C12,OLA,3.0,4.173932946844884,7.067631792429853,10.912227189489458,1.0,0.0,117.24967960451951,1.5373678805022497,164.7862103760021,4.174,7.068,10.912,CCCC
12,55.0,C13,OLA,3.0,5.094445846244312,8.191185280767726,11.41599654235224,1.0,0.0,109.34192169468722,1.531078051570206,178.05292920299684,5.094,8.191,11.416,CCCC
13,56.0,C14,OLA,3.0,6.1967330785863535,8.444660770876839,10.384050306674316,1.0,0.0,113.5382146351344,1.532090075680919,177.35434459645504,6.197,8.445,10.384,CCCC
14,57.0,C15,OLA,3.0,7.135457644974509,9.595134174787148,10.761551479322236,1.0,0.0,109.88888963333685,1.5295097253695389,158.2864378199474,7.135,9.595,10.762,CCCC
15,58.0,C16,OLA,3.0,7.829516919870649,10.132720399599426,9.509080811474126,1.0,0.0,105.25369024172677,1.5255818562109305,177.06347623074538,7.83,10.133,9.509,CCCC
16,59.0,C17,OLA,3.0,8.784339784629195,11.211478178544478,10.011071798779913,1.0,0.0,109.00257882722399,1.5235156710713529,161.5679693155408,8.784,11.211,10.011,CCCC
17,60.0,C18,OLA,3.0,9.832300628197617,11.484164035480806,8.939381314649525,1.0,0.0,116.713221521913,1.358528615819332,146.36780509734663,9.832,11.484,8.939,CCCO
18,62.0,O20,OLA,3.0,11.077308875016541,11.812971912540338,9.372324550193277,1.0,0.0,110.88710445620914,1.0017484714238405,4.542047156065162,11.077,11.813,9.372,CCOH
19,63.0,H21,OLA,3.0,11.67391701693022,12.044395406365298,8.601609368358648,1.0,0.0,0.0,0.0,0.0,11.674,12.044,8.602,
0,64.0,C1,OLA,4.0,0.0,0.0,0.0,1.0,0.0,0.0,1.535252422242022,0.0,0.0,0.0,0.0,
1,65.0,C2,OLA,4.0,0.16000000000000014,0.75,1.3299999999999983,1.0,0.0,113.76679113434464,1.5305554547287623,0.0,0.16,0.75,1.33,
2,66.0,C3,OLA,4.0,0.120000000000001,-0.1599999999999966,2.559999999999988,1.0,0.0,106.99256439323271,1.5300653580811518,173.64410477531584,0.12,-0.16,2.56,CCCC
3,67.0,C4,OLA,4.0,0.4513105007959549,0.7123370099419173,3.7725846333958932,1.0,0.0,118.55800830738299,1.5232859219463653,178.04825464924866,0.451,0.712,3.773,CCCC
4,68.0,C5,OLA,4.0,0.5282505178240786,0.05394100269614244,5.144078319645475,1.0,0.0,111.51581147225437,1.533264491208216,169.51690335109748,0.528,0.054,5.144,CCCC
5,69.0,C6,OLA,4.0,1.116766917137063,1.0055070632976755,6.192443942910517,1.0,0.0,116.89204188043237,1.5271542161811995,168.04570428918342,1.117,1.006,6.192,CCCC
6,70.0,C7,OLA,4.0,1.5116783875281543,0.39480317064139125,7.535308674017413,1.0,0.0,101.47902146733335,1.5382457540978325,167.4552382388412,1.512,0.395,7.535,CCCC
7,71.0,C8,OLA,4.0,1.7304144442042437,1.6537718145198723,8.391668698330008,1.0,0.0,109.95755703616805,1.5326447729333812,164.96507166136186,1.73,1.654,8.392,CCCC
8,72.0,C9,OLA,4.0,1.7724171543381209,1.2757446057113282,9.876367725658039,1.0,0.0,118.61759125168632,1.3901798444805533,172.58430782299288,1.772,1.276,9.876,CCCC
9,73.0,C10,OLA,4.0,2.117562880934735,2.2530909832911448,10.802795534858161,1.0,0.0,127.6976206346647,1.5258440287264015,5.800602848870489,2.118,2.253,10.803,CCCC
10,74.0,C11,OLA,4.0,2.1064898389603766,2.1417135788897994,12.324528908855147,1.0,0.0,104.01707455064542,1.5301307133705875,176.16942398839927,2.106,2.142,12.325,CCCC
11,75.0,C12,OLA,4.0,2.4829062017509895,3.545976222651334,12.801663218117513,1.0,0.0,113.12403276691238,1.5381482373295503,177.37959591933614,2.483,3.546,12.802,CCCC
12,76.0,C13,OLA,4.0,2.4716298821481426,3.686792537005726,14.333310569895524,1.0,0.0,5.029140418989476,89.41033105855274,32.33484725486883,2.472,3.687,14.333,CCCC
13,77.0,C14,OLA,4.0,8.952498495857775,0.7556179314743527,-74.79364302702726,1.0,0.0,7.392684846743951,1.5237125713204624,107.23719122701087,8.952,0.756,-74.794,CCCC
14,78.0,C15,OLA,4.0,9.011166582187583,0.705620065513648,-73.2718814592996,1.0,0.0,109.95762804102179,1.5326447729333734,40.739927706441165,9.011,0.706,-73.272,CCCC
15,79.0,C16,OLA,4.0,10.448361457603202,0.9437155670001244,-72.79566572875466,1.0,0.0,108.16748207640666,1.527186956466029,179.29287772471588,10.448,0.944,-72.796,CCCC
16,80.0,C17,OLA,4.0,10.46339021168202,0.8675701666316784,-71.27045229631493,1.0,0.0,109.6143741583857,1.5298692754611485,171.4912449833532,10.463,0.868,-71.27,CCCC
17,81.0,C18,OLA,4.0,11.908728944238423,0.8888309560771294,-70.76940945697386,1.0,0.0,113.32254160193158,1.360771839802699,168.92093825550904,11.909,0.889,-70.769,CCCO
18,83.0,O20,OLA,4.0,12.025347871326996,0.5856367846404069,-69.4479809419755,1.0,0.0,111.6830719006705,1.005037312740179,4.317715271828966,12.025,0.586,-69.448,CCOH
19,84.0,H21,OLA,4.0,12.974243536922078,0.6745499968493605,-69.12893320807467,1.0,0.0,0.0,0.0,0.0,12.974,0.675,-69.129,
0,85.0,C1,OLA,5.0,0.0,0.0,0.0,1.0,0.0,0.0,1.5300653580811447,0.0,0.0,0.0,0.0,
1,86.0,C2,OLA,5.0,-0.8099999999999987,1.2099999999999937,0.46999999999999886,1.0,0.0,112.11617469559826,1.5314698821720274,0.0,-0.81,1.21,0.47,
2,87.0,C3,OLA,5.0,-2.0299999999999976,0.7999999999999972,1.3000000000000043,1.0,0.0,106.12188216342544,88.9251623557697,2.887157737922448,-2.03,0.8,1.3,CCCC
3,88.0,C4,OLA,5.0,-45.20696841913713,76.10654041334978,20.596602527755238,1.0,0.0,105.76749677044036,1.5242703172337895,169.75205023874517,-45.207,76.107,20.597,CCCC
4,89.0,C5,OLA,5.0,-46.26203097740911,75.7262107716426,21.628877859996567,1.0,0.0,75.15329918452052,89.62170607615099,1.1636024875538438,-46.262,75.726,21.629,CCCC
5,90.0,C6,OLA,5.0,-55.98990527465783,164.09997679645326,10.337458983278262,1.0,0.0,1.5890701727806686,89.98285058832043,147.28877747742604,-55.99,164.1,10.337,CCCC
6,91.0,C7,OLA,5.0,-46.90270521247726,75.63526709685482,24.0608453293372,1.0,0.0,1.6245306591282889,89.74221470411791,179.31759006062305,-46.903,75.635,24.061,CCCC
7,92.0,C8,OLA,5.0,-56.68763942364673,164.12878225035874,12.799498240306471,1.0,0.0,100.51288587109813,1.5371076735219271,147.0357820110548,-56.688,164.129,12.799,CCCC
8,93.0,C9,OLA,5.0,-56.292342926283226,164.63463294807917,14.196121221209655,1.0,0.0,120.47730018107806,1.3924798023669847,75.9585984609419,-56.292,164.635,14.196,CCCC
9,94.0,C10,OLA,5.0,-57.26670627830041,165.06219940669664,15.094343344776949,1.0,0.0,121.5503709473868,1.5286595435217103,7.6406866066838015,-57.267,165.062,15.094,CCCC
10,95.0,C11,OLA,5.0,-56.922848619067715,165.40639496837713,16.543512529569078,1.0,0.0,112.11500185221514,1.5305227865013946,160.89356762828444,-56.923,165.406,16.544,CCCC
11,96.0,C12,OLA,5.0,-58.15785177277232,165.39335472807895,17.447446798031525,1.0,0.0,105.39276934960725,1.524663897388539,174.89145366353688,-58.158,165.393,17.447,CCCC
12,97.0,C13,OLA,5.0,-57.66875131421214,165.87766881486323,18.80789547650154,1.0,0.0,110.26445546881371,1.5299019576430368,175.5477861648469,-57.669,165.878,18.808,CCCC
13,98.0,C14,OLA,5.0,-58.80013532083724,165.8031144885311,19.83503319018495,1.0,0.0,109.77977603344348,1.5365220467015759,168.8270123121333,-58.8,165.803,19.835,CCCC
14,99.0,C15,OLA,5.0,-58.388994702114324,166.54499766981587,21.116232913385275,1.0,0.0,112.59995871997266,1.5285941253321622,152.54194367485792,-58.389,166.545,21.116,CCCC
15,100.0,C16,OLA,5.0,-59.08416199725603,165.9957114642821,22.361876161517742,1.0,0.0,107.7535287722536,1.5282015573869776,172.9024722456162,-59.084,165.996,22.362,CCCC
16,101.0,C17,OLA,5.0,-58.46906750030697,166.68330313601024,23.580185011742117,1.0,0.0,86.86277256054632,106.39113026939792,9.799500964238987,-58.469,166.683,23.58,CCCC
17,102.0,C18,OLA,5.0,-136.68929977616122,122.59605470199597,80.65016300561031,1.0,0.0,78.31207711068691,1.3554335099885946,127.15342201732872,-136.689,122.596,80.65,CCCO
18,104.0,O20,OLA,5.0,-136.80230859823402,123.90261006031939,80.99271533897051,1.0,0.0,110.52775558630813,1.0018981984213773,27.20186988096487,-136.802,123.903,80.993,CCOH
19,105.0,H21,OLA,5.0,-137.20018126755718,123.99275089068044,81.90779564641484,1.0,0.0,0.0,0.0,0.0,-137.2,123.993,81.908,
0,106.0,C1,OLA,6.0,0.0,0.0,0.0,1.0,0.0,0.0,1.5370100845472703,0.0,0.0,0.0,0.0,
1,107.0,C2,OLA,6.0,0.3400000000000034,0.47999999999999954,1.4200000000000017,1.0,0.0,114.04234126941273,1.5314698821720292,0.0,0.34,0.48,1.42,
2,108.0,C3,OLA,6.0,-0.8800000000000026,0.6499999999999995,2.3299999999999983,1.0,0.0,111.72257946488767,1.5306534552275417,159.52440089418,-0.88,0.65,2.33,CCCC
3,109.0,C4,OLA,6.0,-0.5804271723685923,1.5749037898811908,3.51224747849535,1.0,0.0,112.62129191835281,1.5310453944935776,170.8184073057066,-0.58,1.575,3.512,CCCC
4,110.0,C5,OLA,6.0,-1.8366632481262584,1.9391772309075306,4.308033745094869,1.0,0.0,111.3027264943961,1.5267285285865306,174.4937158218254,-1.837,1.939,4.308,CCCC
5,111.0,C6,OLA,6.0,-1.5267466332018809,2.9663588110394747,5.394196575075549,1.0,0.0,106.15654436815613,1.5243687217992865,175.6667905842495,-1.527,2.966,5.394,CCCC
6,112.0,C7,OLA,6.0,-2.8634081680458014,3.323398369574713,6.034164304665538,1.0,0.0,109.8664275677846,1.5356431877229832,161.31738129228071,-2.863,3.323,6.034,CCCC
7,113.0,C8,OLA,6.0,-4.01349058787466,2.921639567751112,5.099230995408702,1.0,0.0,115.32311559004496,1.5316004700965606,134.61292500136778,-4.013,2.922,5.099,CCCC
8,114.0,C9,OLA,6.0,-5.1818543279988445,2.19541305100772,5.772522326959562,1.0,0.0,126.51516131925618,1.393197760549445,176.6431723599197,-5.182,2.195,5.773,CCCC
9,115.0,C10,OLA,6.0,-6.307614902989313,1.6720359490561574,5.140272742462651,1.0,0.0,121.60718970960332,1.5300653580811592,10.256040465757836,-6.308,1.672,5.14,CCCC
10,116.0,C11,OLA,6.0,-7.515334391007643,1.173404107184022,5.93643850694577,1.0,0.0,104.74968249319777,1.5268922686293198,172.81645632675966,-7.515,1.173,5.936,CCCC
11,117.0,C12,OLA,6.0,-8.42609520570586,0.5254920040994113,4.896186304311082,1.0,0.0,110.67277745165538,1.530686120666152,166.40799501891954,-8.426,0.525,4.896,CCCC
12,118.0,C13,OLA,6.0,-9.820135048901765,0.27777282397775327,5.4778117193742855,1.0,0.0,104.06552932212573,1.536001302082785,177.15065575203232,-9.82,0.278,5.478,CCCC
13,119.0,C14,OLA,6.0,-10.575952028645208,-0.43373948109056465,4.345649658153423,1.0,0.0,108.78955653595764,1.525057375969835,178.9585725863988,-10.576,-0.434,4.346,CCCC
14,120.0,C15,OLA,6.0,-11.987018797147183,-0.757800844039529,4.824893654317027,1.0,0.0,117.9545484561229,1.5238438240187246,170.55310577894875,-11.987,-0.758,4.825,CCCC
15,121.0,C16,OLA,6.0,-12.99064137392518,-1.2680441933497222,3.798008340446166,1.0,0.0,110.656287298844,1.528594125332163,165.66317442730212,-12.991,-1.268,3.798,CCCC
16,122.0,C17,OLA,6.0,-14.213389508168401,-1.8687050227537403,4.491329022568813,1.0,0.0,114.40402786510882,1.5271542161811986,174.25272255042836,-14.213,-1.869,4.491,CCCC
17,123.0,C18,OLA,6.0,-15.336793600287221,-2.282126280137861,3.5430431428080906,1.0,0.0,119.31159832810634,1.3621673905948553,85.41506849452895,-15.337,-2.282,3.543,CCCO
18,125.0,O20,OLA,6.0,-16.35593447759726,-1.4123860740422747,3.2972712039464462,1.0,0.0,111.22237087140621,1.0073231854772309,23.920473948992118,-16.356,-1.412,3.297,CCOH
19,126.0,H21,OLA,6.0,-17.18677036221872,-1.8986549745871186,3.000700320044957,1.0,0.0,0.0,0.0,0.0,-17.187,-1.899,3.001,
0,127.0,C1,OLA,7.0,0.0,0.0,0.0,1.0,0.0,0.0,1.532742639845319,0.0,0.0,0.0,0.0,
1,128.0,C2,OLA,7.0,0.09999999999999964,1.3699999999999992,-0.6799999999999997,1.0,0.0,111.8494919994011,1.5386357593660702,0.0,0.1,1.37,-0.68,
2,129.0,C3,OLA,7.0,-0.02000000000000135,1.2599999999999998,-2.210000000000001,1.0,0.0,114.17568482790689,1.533818763739706,166.69754576056607,-0.02,1.26,-2.21,CCCC
3,130.0,C4,OLA,7.0,-0.25000000001701206,2.599999999863453,-2.9200000002532205,1.0,0.0,109.77831870974383,1.523843824018721,70.81296086917544,-0.25,2.6,-2.92,CCCC
4,131.0,C5,OLA,7.0,1.0028700006995641,2.9964883712015675,-3.691500961156599,1.0,0.0,111.12041721587171,1.5274488534808621,160.3646076275102,1.003,2.996,-3.692,CCCC
5,132.0,C6,OLA,7.0,0.6810039851478874,4.027766860987282,-4.771300453825697,1.0,0.0,111.48902293441373,1.537335357038274,179.81578361456351,0.681,4.028,-4.771,CCCC
6,133.0,C7,OLA,7.0,1.940336441935941,4.437313199235635,-5.5521676384854874,1.0,0.0,112.06650741659905,1.5255818562109325,150.67315286647374,1.94,4.437,-5.552,CCCC
7,134.0,C8,OLA,7.0,1.8482274569190946,5.865744942545178,-6.079897389009808,1.0,0.0,115.46576335285991,1.5305881222588915,164.18907482854544,1.848,5.866,-6.08,CCCC
8,135.0,C9,OLA,7.0,3.1720649477651204,6.487065208420317,-6.531688740232405,1.0,0.0,120.2594978757461,1.384304879714003,161.4149833059772,3.172,6.487,-6.532,CCCC
9,136.0,C10,OLA,7.0,3.175397988002387,7.592690775286259,-7.364683936338041,1.0,0.0,122.29769901624137,1.5301633899685345,2.6026803073744063,3.175,7.593,-7.365,CCCC
10,137.0,C11,OLA,7.0,4.4688081913943085,8.286216123492434,-7.797711230116219,1.0,0.0,115.090276406037,1.5285287043428406,175.6666666858762,4.469,8.286,-7.798,CCCC
11,138.0,C12,OLA,7.0,5.75607016077512,7.608350547929952,-7.32882437419747,1.0,0.0,108.81303121547217,1.5239750654128192,170.72248475655283,5.756,7.608,-7.329,CCCC
12,139.0,C13,OLA,7.0,6.9338787499459205,8.526312342061296,-7.633148332811001,1.0,0.0,113.34585299161228,1.532318504750233,173.26019630335608,6.934,8.526,-7.633,CCCC
13,140.0,C14,OLA,7.0,8.261553104583133,8.021486019011723,-7.058316886556515,1.0,0.0,111.72614859664893,1.5260406285548231,175.8032549389296,8.262,8.021,-7.058,CCCC
14,141.0,C15,OLA,7.0,9.394291981198378,9.016293663803845,-7.295087634899363,1.0,0.0,112.1728510312192,1.530392106618434,176.78410207069112,9.394,9.016,-7.295,CCCC
15,142.0,C16,OLA,7.0,10.740804235304346,8.488091308065211,-6.795080614024194,1.0,0.0,107.31881032705753,1.5404544783926557,173.90058053851092,10.741,8.488,-6.795,CCCC
16,143.0,C17,OLA,7.0,11.818940843210328,9.500918344693414,-7.22496763237999,1.0,0.0,107.53149376442826,1.5285614151874962,176.365837594581,11.819,9.501,-7.225,CCCC
17,144.0,C18,OLA,7.0,13.15290697488211,9.025421529419605,-6.649696271853543,1.0,0.0,112.00767691855258,1.3577186748365815,147.15275369358724,13.153,9.025,-6.65,CCCO
18,146.0,O20,OLA,7.0,14.196586312328769,9.33727716919088,-7.460177301761812,1.0,0.0,97.49418091392334,0.9978476837674161,174.78752884398088,14.197,9.337,-7.46,CCOH
19,147.0,H21,OLA,7.0,14.908281687553849,8.866587678400172,-6.942836895315243,1.0,0.0,0.0,0.0,0.0,14.908,8.867,-6.943,
0,148.0,C1,OLA,8.0,0.0,0.0,0.0,1.0,0.0,0.0,1.529738539751154,0.0,0.0,0.0,0.0,
1,149.0,C2,OLA,8.0,0.9600000000000009,0.2699999999999996,1.1599999999999966,1.0,0.0,115.91513697228795,1.5301633899685354,0.0,0.96,0.27,1.16,
2,150.0,C3,OLA,8.0,2.3900000000000006,0.6500000000000004,0.769999999999996,1.0,0.0,118.92764081047324,1.532938354924949,156.94413333266277,2.39,0.65,0.77,CCCC
3,151.0,C4,OLA,8.0,3.519999999999999,0.4200000000000014,1.7800000000000014,1.0,0.0,116.30151546252641,1.529215485142628,178.67340876446443,3.52,0.42,1.78,CCCC
4,152.0,C5,OLA,8.0,4.929093312381755,0.7917174640177415,1.3165540334176038,1.0,0.0,110.493005954953,1.528855781295279,171.4623990920069,4.929,0.792,1.317,CCCC
5,153.0,C6,OLA,8.0,5.914614551733726,0.7116060769376428,2.4826286675851037,1.0,0.0,120.22621372960684,1.5329057374802932,61.80399282252085,5.915,0.712,2.483,CCCC
6,154.0,C7,OLA,8.0,6.665644498367935,1.9651009695795305,2.9457750519813843,1.0,0.0,116.0268352227848,1.5336883646947266,149.8125294940464,6.666,1.965,2.946,CCCC
7,155.0,C8,OLA,8.0,8.056945894306983,1.7321169921059634,3.54760467230298,1.0,0.0,110.6341650554534,1.5266302761310622,176.57129809127662,8.057,1.732,3.548,CCCC
8,156.0,C9,OLA,8.0,8.725688047452982,3.0617642296733614,3.8873430366872075,1.0,0.0,122.18108320459108,1.3944532978913182,163.82289447421675,8.726,3.062,3.887,CCCC
9,157.0,C10,OLA,8.0,10.094756907708327,3.1634102184622273,4.131921344870224,1.0,0.0,125.46827757604389,1.528299708826779,2.1528083185065348,10.095,3.163,4.132,CCCC
10,158.0,C11,OLA,8.0,10.833173545782694,4.443149014620441,4.522701951139012,1.0,0.0,105.30648571999997,1.5290846935340088,172.9733083224673,10.833,4.443,4.523,CCCC
11,159.0,C12,OLA,8.0,12.317289952001056,4.075738294390206,4.500166302630762,1.0,0.0,111.43094046148744,1.5319595294915587,159.61638107831868,12.317,4.076,4.5,CCCC
12,160.0,C13,OLA,8.0,13.149812989148666,5.058182296863046,5.3299910881268655,1.0,0.0,103.06575964467848,1.5309147592207752,179.22667958606712,13.15,5.058,5.33,CCCC
13,161.0,C14,OLA,8.0,14.572001103799902,4.508328631640208,5.193089981096544,1.0,0.0,108.17830661545592,1.5322206107476828,173.93457294860966,14.572,4.508,5.193,CCCC
14,162.0,C15,OLA,8.0,15.489891714310502,5.323187054405307,6.110250042034409,1.0,0.0,111.38496682621127,1.5274815874503984,156.9486256711142,15.49,5.323,6.11,CCCC
15,163.0,C16,OLA,8.0,16.747631160590675,4.538738503232852,6.478939549302375,1.0,0.0,109.40478573854544,1.5267285285865333,177.2957149956641,16.748,4.539,6.479,CCCC
16,164.0,C17,OLA,8.0,17.595100554691975,5.363622545963692,7.444476676168035,1.0,0.0,111.434303996843,1.5364244205296949,171.69879427092616,17.595,5.364,7.444,CCCC
17,165.0,C18,OLA,8.0,18.965149849539646,4.711767102181071,7.686653078995767,1.0,0.0,111.64540058153679,1.3641480858030066,154.152514711704,18.965,4.712,7.687,CCCO
18,167.0,O20,OLA,8.0,19.484927441967415,5.067744078427785,8.896616568798095,1.0,0.0,103.26859644286385,1.0044899203078137,166.6803803762069,19.485,5.068,8.897,CCOH
19,168.0,H21,OLA,8.0,20.240471190709673,4.418014493900521,9.023127875512255,1.0,0.0,0.0,0.0,0.0,20.24,4.418,9.023,
0,169.0,C1,OLA,9.0,0.0,0.0,0.0,1.0,0.0,0.0,1.5285287043428475,0.0,0.0,0.0,0.0,
1,170.0,C2,OLA,9.0,0.3200000000000003,0.3200000000000003,1.460000000000008,1.0,0.0,114.13663000902726,1.5266302761310562,0.0,0.32,0.32,1.46,
2,171.0,C3,OLA,9.0,1.4499999999999993,-0.5199999999999996,2.049999999999997,1.0,0.0,108.6668654374385,1.5318616125486109,167.5462596649837,1.45,-0.52,2.05,CCCC
3,172.0,C4,OLA,9.0,1.8759831140451007,0.09944554104080174,3.384700568748284,1.0,0.0,116.89828213640496,1.5293789589241753,82.61440736678392,1.876,0.099,3.385,CCCC
4,173.0,C5,OLA,9.0,3.096479876717413,1.0207802427951955,3.361678412221334,1.0,0.0,119.36171071341164,1.5332971010211816,171.11059185072074,3.096,1.021,3.362,CCCC
5,174.0,C6,OLA,9.0,3.450689769921178,1.8308318922251965,4.614416085007257,1.0,0.0,106.44501818848268,1.533166657607712,164.16693702611866,3.451,1.831,4.614,CCCC
6,175.0,C7,OLA,9.0,4.432215903406347,2.9192405810589537,4.164335008552613,1.0,0.0,109.13968663824511,1.5327752607606906,179.94071784907806,4.432,2.919,4.164,CCCC
7,176.0,C8,OLA,9.0,4.827952560330571,3.771145490282585,5.375553619732362,1.0,0.0,110.44167592902465,1.531959529491563,69.89048293772949,4.828,3.771,5.376,CCCC
8,177.0,C9,OLA,9.0,6.289559046244216,3.5142139236208028,5.755807022594131,1.0,0.0,123.74466964384551,1.3906113763377506,179.99880644917656,6.29,3.514,5.756,CCCC
9,178.0,C10,OLA,9.0,6.9339605422105395,4.142790143378811,6.81573091040051,1.0,0.0,125.72476066831254,1.5266630276521431,6.928348289752449,6.934,4.143,6.816,CCCC
10,179.0,C11,OLA,9.0,8.420993770140775,4.036110564386131,7.144443013094531,1.0,0.0,113.79390436311876,1.5324816475246958,176.5612609444549,8.421,4.036,7.144,CCCC
11,180.0,C12,OLA,9.0,8.825999010131302,4.776004248167612,8.423906999403352,1.0,0.0,116.27479288492466,1.5287576655572332,168.20822575805877,8.826,4.776,8.424,CCCC
12,181.0,C13,OLA,9.0,10.227257754608171,4.483051003461542,8.96033250908747,1.0,0.0,108.23379306211942,1.534470592745269,176.7972172802241,10.227,4.483,8.96,CCCC
13,182.0,C14,OLA,9.0,10.467665706556629,5.373284205311919,10.186827051665903,1.0,0.0,111.95713252177974,1.5297385397511565,172.95269933089543,10.468,5.373,10.187,CCCC
14,183.0,C15,OLA,9.0,11.778083250516541,5.027728583417861,10.89640239839024,1.0,0.0,118.18399025395615,1.5352198539622883,178.39948172283306,11.778,5.028,10.896,CCCC
15,184.0,C16,OLA,9.0,12.142240660674277,5.8083178172721,12.167217030239454,1.0,0.0,109.53097300264113,1.5286922515666739,160.83363275548405,12.142,5.808,12.167,CCCC
16,185.0,C17,OLA,9.0,13.639978861610857,5.670125872580596,12.440316403872504,1.0,0.0,116.9811260487007,1.5338187637397125,108.68340484200587,13.64,5.67,12.44,CCCC
17,186.0,C18,OLA,9.0,14.052197537631601,4.801458734760618,13.635344925229012,1.0,0.0,117.55241498994863,1.3552121605121445,121.80792980546256,14.052,4.801,13.635,CCCO
18,188.0,O20,OLA,9.0,14.86549311808281,3.745178996645037,13.39157574408363,1.0,0.0,110.15966994339752,0.9994498486667536,12.275878827954811,14.865,3.745,13.392,CCOH
19,189.0,H21,OLA,9.0,15.222619209581179,3.379969730564599,14.250635198802152,1.0,0.0,0.0,0.0,0.0,15.223,3.38,14.251,
0,190.0,C1,OLA,10.0,0.0,0.0,0.0,1.0,0.0,0.0,1.529640480635891,0.0,0.0,0.0,0.0,
1,191.0,C2,OLA,10.0,-0.129999999999999,-0.2699999999999996,1.5,1.0,0.0,112.47471169048953,1.5292154851426236,0.0,-0.13,-0.27,1.5,
2,192.0,C3,OLA,10.0,0.39000000000000057,0.8900000000000006,2.3499999999999943,1.0,0.0,107.67704030634295,1.5285941253321578,173.45733973880766,0.39,0.89,2.35,CCCC
3,193.0,C4,OLA,10.0,0.36241756779976925,0.4432633439320771,3.8115969244487284,1.0,0.0,103.87715079620104,1.5293789589241813,169.31498226152607,0.362,0.443,3.812,CCCC
4,194.0,C5,OLA,10.0,0.628400091627771,1.730375175519201,4.593643233823393,1.0,0.0,102.88147745438864,1.5289538907370617,173.69063601546566,0.628,1.73,4.594,CCCC
5,195.0,C6,OLA,10.0,0.43550620072576285,1.2928594781178007,6.0459076592281535,1.0,0.0,106.93893454371022,1.5332318807016814,176.70484419114322,0.436,1.293,6.046,CCCC
6,196.0,C7,OLA,10.0,0.6008461005264264,2.5448679680136737,6.915354298628192,1.0,0.0,112.42911256211995,1.5251557297535172,176.38822310677685,0.601,2.545,6.915,CCCC
7,197.0,C8,OLA,10.0,0.34475960002437633,2.2654024396161407,8.392655460442507,1.0,0.0,113.2475166357444,1.5276125163142613,159.04651027574772,0.345,2.265,8.393,CCCC
8,198.0,C9,OLA,10.0,0.0013560141192180408,3.520422383331084,9.193029696681224,1.0,0.0,122.24641877011143,1.393735986476636,179.96321615682558,0.001,3.52,9.193,CCCC
9,199.0,C10,OLA,10.0,-0.2681302398765279,3.4801621159887706,10.55987141018761,1.0,0.0,124.98702388790768,1.5276125163142706,8.229466500020324,-0.268,3.48,10.56,CCCC
10,200.0,C11,OLA,10.0,-0.7894922692990743,4.655403111195037,11.384850341714555,1.0,0.0,112.224959412311,1.5261061562027676,173.6350324816501,-0.789,4.655,11.385,CCCC
11,201.0,C12,OLA,10.0,-1.1297046710712042,4.249998790780759,12.816249258472709,1.0,0.0,112.15057906408913,1.5350895739337167,171.3214987147044,-1.13,4.25,12.816,CCCC
12,202.0,C13,OLA,10.0,-1.448420135608162,5.463179386850555,13.701186145479296,1.0,0.0,103.97039002572855,1.5285941253321655,155.25234849407255,-1.448,5.463,13.701,CCCC
13,203.0,C14,OLA,10.0,-1.1357738056664732,4.979441764188123,15.117113468753669,1.0,0.0,111.33329600615268,1.532122710490247,177.60812357090387,-1.136,4.979,15.117,CCCC
14,204.0,C15,OLA,10.0,-1.3432692180336285,6.0955897285646055,16.14597661585521,1.0,0.0,112.20240440778318,1.5313719339206937,173.755766941507,-1.343,6.096,16.146,CCCC
15,205.0,C16,OLA,10.0,-1.6587621298736352,7.440495968222069,15.485074634407336,1.0,0.0,109.35965097804784,1.52843056760849,177.6220512417907,-1.659,7.44,15.485,CCCC
16,206.0,C17,OLA,10.0,-1.911176699342899,8.489969166687052,16.56719888361242,1.0,0.0,118.5841473111318,1.53006535808114,169.79688061834412,-1.911,8.49,16.567,CCCC
17,207.0,C18,OLA,10.0,-2.0124881804571677,9.959292953509973,16.15256218327007,1.0,0.0,117.68540150408317,1.3587126259809348,117.8336062414836,-2.012,9.959,16.153,CCCO
18,209.0,O20,OLA,10.0,-3.1889067661555437,10.599820770891785,16.380297613944098,1.0,0.0,106.00750063988318,0.996042167782066,12.880099222910621,-3.189,10.6,16.38,CCOH
19,210.0,H21,OLA,10.0,-3.1420948070786814,11.451382930541854,15.865758471862634,1.0,0.0,0.0,0.0,0.0,-3.142,11.451,15.866,
0,211.0,C1,OLA,11.0,0.0,0.0,0.0,1.0,0.0,0.0,1.5322206107476832,0.0,0.0,0.0,0.0,
1,212.0,C2,OLA,11.0,0.5599999999999987,-0.46000000000000085,1.3500000000000014,1.0,0.0,112.77330815688549,1.5302614155757839,0.0,0.56,-0.46,1.35,
2,213.0,C3,OLA,11.0,0.28999999999999915,-1.9400000000000013,1.6300000000000026,1.0,0.0,107.71958913223328,1.5252868582663377,176.33818582577138,0.29,-1.94,1.63,CCCC
3,214.0,C4,OLA,11.0,0.9704604804232569,-2.294750721347324,2.948190221569215,1.0,0.0,117.52762972853239,1.533297101021196,160.94066910715213,0.97,-2.295,2.948,CCCC
4,215.0,C5,OLA,11.0,1.2351301260695688,-3.778055625255644,3.232367174797542,1.0,0.0,105.80335752550238,1.5329057374802937,157.75074715798868,1.235,-3.778,3.232,CCCC
5,216.0,C6,OLA,11.0,2.3705207216206654,-3.809783726362776,4.261775511144381,1.0,0.0,105.72801752721742,1.5305881222588935,159.2757148465704,2.371,-3.81,4.262,CCCC
6,217.0,C7,OLA,11.0,2.986074931835033,-5.20726058424317,4.1576052371729535,1.0,0.0,111.77911336552454,1.5266957784706159,175.79119105000854,2.986,-5.207,4.158,CCCC
7,218.0,C8,OLA,11.0,4.0752985799829045,-5.4259461063917485,5.204776897747105,1.0,0.0,113.57657838843606,1.52528685826634,154.18194102782323,4.075,-5.426,5.205,CCCC
8,219.0,C9,OLA,11.0,5.113818717564443,-6.465918187179967,4.796813670214754,1.0,0.0,123.66667048207388,1.3931618714277216,175.30755564663096,5.114,-6.466,4.797,CCCC
9,220.0,C10,OLA,11.0,6.248220519811269,-6.761172411575379,5.549713061923811,1.0,0.0,121.05198516969426,1.5273833834371786,12.104038495356061,6.248,-6.761,5.55,CCCC
10,221.0,C11,OLA,11.0,7.382656911719957,-7.602561853372419,4.968320010756461,1.0,0.0,114.4795422241965,1.5321553446044607,177.32606943876823,7.383,-7.603,4.968,CCCC
11,222.0,C12,OLA,11.0,8.583942119587494,-7.780864790326348,5.902462351073427,1.0,0.0,113.79717692326871,1.5327752607606895,176.78442824609087,8.584,-7.781,5.902,CCCC
12,223.0,C13,OLA,11.0,9.67887577410527,-8.691128511567486,5.335064562946763,1.0,0.0,106.56015972591177,1.5343076614551596,167.41053112777817,9.679,-8.691,5.335,CCCC
13,224.0,C14,OLA,11.0,10.627092286887622,-9.011755841237564,6.497898841918957,1.0,0.0,111.12196261271934,1.5274161188097999,159.21240613519973,10.627,-9.012,6.498,CCCC
14,225.0,C15,OLA,11.0,11.99343498014419,-9.462992474532367,5.985557993085263,1.0,0.0,110.18233867539146,1.531959529491555,176.21823568293624,11.993,-9.463,5.986,CCCC
15,226.0,C16,OLA,11.0,12.891096673048818,-9.86681762840893,7.1594526775078435,1.0,0.0,108.38599885877886,1.538473269186051,178.70564797116012,12.891,-9.867,7.159,CCCC
16,227.0,C17,OLA,11.0,14.263190275995358,-10.281719225873458,6.600779419532165,1.0,0.0,116.55892849614364,1.5300653580811425,167.7785410990696,14.263,-10.282,6.601,CCCC
17,228.0,C18,OLA,11.0,15.39505890507715,-10.444261245916135,7.617417751592331,1.0,0.0,120.18339090561855,1.3501111065390128,85.71034840981521,15.395,-10.444,7.617,CCCO
18,230.0,O20,OLA,11.0,16.235291032365556,-9.417535741820458,7.867707007293392,1.0,0.0,107.43836663078123,1.005435229142086,2.038544648821094,16.235,-9.418,7.868,CCOH
19,231.0,H21,OLA,11.0,16.916903329879343,-9.741124041091389,8.53223337130872,1.0,0.0,0.0,0.0,0.0,16.917,-9.741,8.532,
0,232.0,C1,OLA,12.0,0.0,0.0,0.0,1.0,0.0,0.0,1.529509725369542,0.0,0.0,0.0,0.0,
1,233.0,C2,OLA,12.0,0.20000000000000284,-0.6499999999999986,-1.3700000000000045,1.0,0.0,113.32848560748394,1.530653455227541,0.0,0.2,-0.65,-1.37,
2,234.0,C3,OLA,12.0,-1.0200000000000031,-1.4399999999999977,-1.8500000000000014,1.0,0.0,104.26582817984033,1.5310780515702034,158.07989775880728,-1.02,-1.44,-1.85,CCCC
3,235.0,C4,OLA,12.0,-0.8500000003867415,-1.5100000002178788,-3.369999999974052,1.0,0.0,116.39023223432224,1.5211508800904647,57.38464570231202,-0.85,-1.51,-3.37,CCCC
4,236.0,C5,OLA,12.0,-1.9895040773404102,-0.9451765157494498,-4.204508771888758,1.0,0.0,115.21059660185351,1.5372052563011889,177.52288918121687,-1.99,-0.945,-4.205,CCCC
5,237.0,C6,OLA,12.0,-1.8177150042838146,-1.08296278786543,-5.725857994649503,1.0,0.0,108.85801712457061,1.528594125332163,175.14426934995183,-1.818,-1.083,-5.726,CCCC
6,238.0,C7,OLA,12.0,-3.088121090566751,-0.5835210062699894,-6.413772438978286,1.0,0.0,119.96181984504487,1.523942256123899,176.32094874603385,-3.088,-0.584,-6.414,CCCC
7,239.0,C8,OLA,12.0,-3.2236138142218516,-0.6848202770322109,-7.928295525490741,1.0,0.0,111.37469341668161,1.5256801761837258,178.67604100986824,-3.224,-0.685,-7.928,CCCC
8,240.0,C9,OLA,12.0,-4.549364039077152,-0.10191128709360156,-8.408194942814044,1.0,0.0,128.7181638104452,1.3874076545846188,174.6066324865449,-4.549,-0.102,-8.408,CCCC
9,241.0,C10,OLA,12.0,-5.083595031472749,-0.09973750552232526,-9.688621637880031,1.0,0.0,121.45020654009949,1.5288230767489073,6.544185673085877,-5.084,-0.1,-9.689,CCCC
10,242.0,C11,OLA,12.0,-6.366762612778798,0.6640860855734072,-10.016271572931352,1.0,0.0,103.5414935103218,1.5252540771950078,167.55832672115358,-6.367,0.664,-10.016,CCCC
11,243.0,C12,OLA,12.0,-6.7493330099887,0.14353130775427744,-11.397959893248938,1.0,0.0,107.4453708745436,1.52121661836834,170.5658027348732,-6.749,0.144,-11.398,CCCC
12,244.0,C13,OLA,12.0,-8.141815690298657,0.668387163244215,-11.713583586898856,1.0,0.0,113.53562434916599,1.529999999999998,179.53335446887903,-8.142,0.668,-11.714,CCCC
13,245.0,C14,OLA,12.0,-8.670960199805922,0.21599059295275283,-13.076023835554768,1.0,0.0,106.7170208887859,1.528299708826778,175.45083946178679,-8.671,0.216,-13.076,CCCC
14,246.0,C15,OLA,12.0,-10.106690454105978,0.7288880724520478,-13.182394944056188,1.0,0.0,109.03812791471191,1.5297058540778323,168.61015971601879,-10.107,0.729,-13.182,CCCC
15,247.0,C16,OLA,12.0,-10.782627224353703,0.07356727833826338,-14.38807489305122,1.0,0.0,111.3915413965714,1.5302614155757828,169.22018199171237,-10.783,0.074,-14.388,CCCC
16,248.0,C17,OLA,12.0,-12.28981292827152,0.3382215584129121,-14.39510098328097,1.0,0.0,111.58124339416787,1.5245327152934447,178.75871817541818,-12.29,0.338,-14.395,CCCC
17,249.0,C18,OLA,12.0,-12.963335387165307,-0.28738208793598086,-15.611319538903123,1.0,0.0,116.82051038312679,1.3575345299475836,106.89600719261767,-12.963,-0.287,-15.611,CCCO
18,251.0,O20,OLA,12.0,-13.719689140682917,-1.3930553983651837,-15.39151159967244,1.0,0.0,107.65492998737666,1.0106433594498065,179.0328521236382,-13.72,-1.393,-15.392,CCOH
19,252.0,H21,OLA,12.0,-14.10894962664667,-1.679557589777815,-16.27908850785578,1.0,0.0,0.0,0.0,0.0,-14.109,-1.68,-16.279,
0,253.0,C1,OLA,13.0,0.0,0.0,0.0,1.0,0.0,0.0,1.5278743403827442,0.0,0.0,0.0,0.0,
1,254.0,C2,OLA,13.0,-1.3999999999999986,-0.6000000000000085,-0.11999999999999744,1.0,0.0,118.47159488068368,1.531633115337999,0.0,-1.4,-0.6,-0.12,
2,255.0,C3,OLA,13.0,-1.5300000000000011,-2.0900000000000034,-0.44999999999999574,1.0,0.0,114.64121932256786,1.53212271049026,71.66141622025498,-1.53,-2.09,-0.45,CCCC
3,256.0,C4,OLA,13.0,-2.008437699818976,-2.9628628671322015,0.7147350696942083,1.0,0.0,104.33747079800534,1.5300326793895624,171.50212026763475,-2.008,-2.963,0.715,CCCC
4,257.0,C5,OLA,13.0,-1.845838205056894,-4.39649132665456,0.20554861627026721,1.0,0.0,115.4948197838869,1.5301307133705881,176.72971890872134,-1.846,-4.396,0.206,CCCC
5,258.0,C6,OLA,13.0,-2.1843835687439643,-5.496075658553369,1.2143108943977934,1.0,0.0,116.06674623525336,1.5283324245726189,161.06645807815696,-2.184,-5.496,1.214,CCCC
6,259.0,C7,OLA,13.0,-1.6201849940159525,-6.8834781812227375,0.9100179297027299,1.0,0.0,109.15199740287336,1.5340795285773177,178.5154935406735,-1.62,-6.883,0.91,CCCC
7,260.0,C8,OLA,13.0,-0.7849678717075728,-6.81640660139615,-0.375016607490706,1.0,0.0,117.22826040436077,1.526433752247367,174.22065396264009,-0.785,-6.816,-0.375,CCCC
8,261.0,C9,OLA,13.0,-0.021068674457274023,-8.075015067280484,-0.7779592163632361,1.0,0.0,125.01892082225918,1.3884523758487408,158.6407809235919,-0.021,-8.075,-0.778,CCCC
9,262.0,C10,OLA,13.0,0.42631324465503395,-8.3589151378529,-2.061333740180292,1.0,0.0,126.47372858997137,1.5309474190840164,4.7069856367033625,0.426,-8.359,-2.061,CCCC
10,263.0,C11,OLA,13.0,1.2796425090226413,-9.557932802601888,-2.483217380674936,1.0,0.0,113.13519714995708,1.531306631605835,175.29796533324546,1.28,-9.558,-2.483,CCCC
11,264.0,C12,OLA,13.0,1.5032424200412997,-9.634668295032432,-3.99616640294381,1.0,0.0,115.41544467306399,1.5264665079850264,176.4191659305775,1.503,-9.635,-3.996,CCCC
12,265.0,C13,OLA,13.0,2.2759501149762844,-10.85778242599756,-4.483007897486459,1.0,0.0,111.49326369298298,1.5282015573869876,177.25036142691803,2.276,-10.858,-4.483,CCCC
13,266.0,C14,OLA,13.0,2.3887906356935207,-10.878725973083888,-6.006893846214759,1.0,0.0,114.4773654591832,1.5396752904427635,164.75081489690533,2.389,-10.879,-6.007,CCCC
14,267.0,C15,OLA,13.0,3.446868875682567,-11.853800389657621,-6.554890488726839,1.0,0.0,109.22544222334481,1.5300000000000025,178.95765187408364,3.447,-11.854,-6.555,CCCC
15,268.0,C16,OLA,13.0,3.440289911526745,-11.797197442594522,-8.083828951708862,1.0,0.0,106.94059268872881,1.529346265565779,172.39166188691328,3.44,-11.797,-8.084,CCCC
16,269.0,C17,OLA,13.0,4.628457253949363,-12.630819883865845,-8.565733498427752,1.0,0.0,108.5511542026484,1.533818763739699,178.86763742614767,4.628,-12.631,-8.566,CCCC
17,270.0,C18,OLA,13.0,4.673714045358075,-12.575843091321627,-10.097898429204632,1.0,0.0,109.65118874150428,1.3601838111078952,142.40810547996722,4.674,-12.576,-10.098,CCCO
18,272.0,O20,OLA,13.0,5.967064197500034,-12.523220553384922,-10.51572166050402,1.0,0.0,102.95670965271131,1.001399021369603,9.43330148206493,5.967,-12.523,-10.516,CCOH
19,273.0,H21,OLA,13.0,5.879146788852741,-12.331410409851419,-11.494639122854252,1.0,0.0,0.0,0.0,0.0,5.879,-12.331,-11.495,
0,274.0,C1,OLA,14.0,0.0,0.0,0.0,1.0,0.0,0.0,1.5389606882568503,0.0,0.0,0.0,0.0,
1,275.0,C2,OLA,14.0,-0.1999999999999993,-0.2799999999999976,-1.5,1.0,0.0,104.51315509372425,1.524631102922933,0.0,-0.2,-0.28,-1.5,
2,276.0,C3,OLA,14.0,1.2100000000000009,-0.2799999999999976,-2.0799999999999983,1.0,0.0,111.70114686462942,1.5373678805022561,172.46947523043815,1.21,-0.28,-2.08,CCCC
3,277.0,C4,OLA,14.0,1.1932322741793233,-0.36227342161192505,-3.615073264526947,1.0,0.0,118.63166975042064,1.5217095649301786,171.81061397625515,1.193,-0.362,-3.615,CCCC
4,278.0,C5,OLA,14.0,2.511064434501784,-0.5630785914780614,-4.348964047261184,1.0,0.0,106.22508467898771,1.5264009958068085,173.5442908209652,2.511,-0.563,-4.349,CCCC
5,279.0,C6,OLA,14.0,2.1538965610574716,-0.7665715316964028,-5.818971439711835,1.0,0.0,111.48720996056709,1.5326121492406344,172.22370078125348,2.154,-0.767,-5.819,CCCC
6,280.0,C7,OLA,14.0,3.38055975861622,-1.1710747719788426,-6.64394085025309,1.0,0.0,115.322740549151,1.5270232480221142,179.68772054342017,3.381,-1.171,-6.644,CCCC
7,281.0,C8,OLA,14.0,3.1228039925125417,-1.39055632105284,-8.132963957941836,1.0,0.0,105.85151086121007,1.5336883646947288,172.77971216445403,3.123,-1.391,-8.133,CCCC
8,282.0,C9,OLA,14.0,4.4280842465326415,-1.9573373931462679,-8.70498028182023,1.0,0.0,127.79045224611505,1.3901798444805658,165.3023228639489,4.428,-1.957,-8.705,CCCC
9,283.0,C10,OLA,14.0,4.620945551475139,-2.578123233031303,-9.933812840819545,1.0,0.0,120.4194849199923,1.532351134694653,1.6835335795602964,4.621,-2.578,-9.934,CCCC
10,284.0,C11,OLA,14.0,6.016847808631873,-3.0504934278039166,-10.35384056325906,1.0,0.0,113.77659753422694,1.5249262277238227,177.66460948521873,6.017,-3.05,-10.354,CCCC
11,285.0,C12,OLA,14.0,6.045539163230796,-3.7602716073223483,-11.703207726799114,1.0,0.0,112.35865683440711,1.529771224726102,175.42221852503758,6.046,-3.76,-11.703,CCCC
12,286.0,C13,OLA,14.0,7.466538344023004,-4.118170254417451,-12.14237726871861,1.0,0.0,106.86706643667802,1.5344705927452622,172.75935206551898,7.467,-4.118,-12.142,CCCC
13,287.0,C14,OLA,14.0,7.367842695897126,-4.6518983253454635,-13.57764501919944,1.0,0.0,109.78249896034669,1.5226949793047828,174.55641469427783,7.368,-4.652,-13.578,CCCC
14,288.0,C15,OLA,14.0,8.76392146529187,-4.903406970886585,-14.131095532605823,1.0,0.0,108.53255270325657,1.5275470532851054,164.972492505504,8.764,-4.903,-14.131,CCCC
15,289.0,C16,OLA,14.0,8.663378688909283,-5.065984072881428,-15.646634986405923,1.0,0.0,113.05412129807374,1.5319595294915611,157.11799051904808,8.663,-5.066,-15.647,CCCC
16,290.0,C17,OLA,14.0,9.835994477098934,-5.849415633734966,-16.245055576900626,1.0,0.0,107.1207090409059,1.5324163924991099,177.06638514188273,9.836,-5.849,-16.245,CCCC
17,291.0,C18,OLA,14.0,10.724435046896206,-6.293218348586857,-15.078002662927176,1.0,0.0,117.04025834867811,1.3609188072769096,93.78256114068876,10.724,-6.293,-15.078,CCCO
18,293.0,O20,OLA,14.0,11.768978031372948,-5.4836723281098125,-14.75294083141727,1.0,0.0,101.99567951971642,0.9973464794142501,15.853440952320641,11.769,-5.484,-14.753,CCOH
19,294.0,H21,OLA,14.0,12.32753899571421,-6.08390905540142,-14.18511557630571,1.0,0.0,0.0,0.0,0.0,12.328,-6.084,-14.185,
0,295.0,C1,OLA,15.0,0.0,0.0,0.0,1.0,0.0,0.0,1.529771224726103,0.0,0.0,0.0,0.0,
1,296.0,C2,OLA,15.0,-0.12000000000000455,-0.5300000000000011,-1.4299999999999997,1.0,0.0,110.89243632359413,1.5340795285773152,0.0,-0.12,-0.53,-1.43,
2,297.0,C3,OLA,15.0,0.07000000000000028,0.5999999999999943,-2.450000000000003,1.0,0.0,112.20986480779125,1.5399675321252664,177.74687582762382,0.07,0.6,-2.45,CCCC
3,298.0,C4,OLA,15.0,-0.0999999999839288,0.10999999997681086,-3.899999999994199,1.0,0.0,106.37376217702891,1.5256146302392277,177.4346514067579,-0.1,0.11,-3.9,CCCC
4,299.0,C5,OLA,15.0,0.17810384614515595,1.3131067592968213,-4.795931010984255,1.0,0.0,110.21780616041742,1.5277761616153072,154.60157202840472,0.178,1.313,-4.796,CCCC
5,300.0,C6,OLA,15.0,-0.5396688077978596,1.151453610510935,-6.134874877152743,1.0,0.0,108.51688241775754,1.5280379576437277,168.14148625215327,-0.54,1.151,-6.135,CCCC
6,301.0,C7,OLA,15.0,-0.485862950907655,2.485270270907914,-6.878472917880978,1.0,0.0,106.3246508098359,1.5247950681976872,147.55801428050717,-0.486,2.485,-6.878,CCCC
7,302.0,C8,OLA,15.0,-0.4212736401156223,2.145721406311539,-8.363577220700558,1.0,0.0,117.06331522519474,1.5321227104902493,42.091925762932256,-0.421,2.146,-8.364,CCCC
8,303.0,C9,OLA,15.0,-1.2806293877614119,2.9904563866936584,-9.30979628196722,1.0,0.0,126.62214420873606,1.3807968713753669,179.3406644142653,-1.281,2.99,-9.31,CCCC
9,304.0,C10,OLA,15.0,-1.3820221797870367,2.84713855398827,-10.679387279532346,1.0,0.0,119.95731768968554,1.532253242776791,0.2586143249187131,-1.382,2.847,-10.679,CCCC
10,305.0,C11,OLA,15.0,-2.298063342463379,3.778285828509732,-11.480407467446966,1.0,0.0,106.01404679386187,1.5289538907370626,178.5428778640719,-2.298,3.778,-11.48,CCCC
11,306.0,C12,OLA,15.0,-2.1401839260608155,3.367960363291857,-12.94478689316628,1.0,0.0,113.47851464107504,1.5326447729333708,172.78388692303486,-2.14,3.368,-12.945,CCCC
12,307.0,C13,OLA,15.0,-3.1185833542026673,4.0781291049293245,-13.886803303538825,1.0,0.0,107.3762370971491,1.5310780515701963,175.16782635256405,-3.119,4.078,-13.887,CCCC
13,308.0,C14,OLA,15.0,-2.9245177528410995,3.4803622966022063,-15.282945626031275,1.0,0.0,113.86072002532161,1.5235484895466875,164.04389530031233,-2.925,3.48,-15.283,CCCC
14,309.0,C15,OLA,15.0,-4.061515557188366,3.78894672674676,-16.24897442600778,1.0,0.0,106.08092434400011,1.5288557812952845,173.87245893702868,-4.062,3.789,-16.249,CCCC
15,310.0,C16,OLA,15.0,-3.7670787892873046,2.989840106362965,-17.51867344505405,1.0,0.0,111.67280342817163,1.5235156710713544,169.14237402607472,-3.767,2.99,-17.519,CCCC
16,311.0,C17,OLA,15.0,-4.677183057396051,3.404282587760826,-18.66804181519691,1.0,0.0,113.63812116622249,1.5333949262991549,178.31726846646978,-4.677,3.404,-18.668,CCCC
17,312.0,C18,OLA,15.0,-4.447674681247206,2.6015271161935853,-19.95420259758236,1.0,0.0,121.74195951478555,1.3572398461583752,177.9531952034562,-4.448,2.602,-19.954,CCCO
18,314.0,O20,OLA,15.0,-5.1965830266285735,2.8069183962584976,-21.06732914577491,1.0,0.0,101.47882922025434,1.0025966287595405,8.205617727143334,-5.197,2.807,-21.067,CCOH
19,315.0,H21,OLA,15.0,-4.71183379638682,2.243979238015001,-21.740617856454787,1.0,0.0,0.0,0.0,0.0,-4.712,2.244,-21.741,
0,316.0,C1,OLA,16.0,0.0,0.0,0.0,1.0,0.0,0.0,1.529215485142625,0.0,0.0,0.0,0.0,
1,317.0,C2,OLA,16.0,0.21999999999999886,0.10000000000000053,1.509999999999998,1.0,0.0,102.56020258440542,1.533297101021196,0.0,0.22,0.1,1.51,
2,318.0,C3,OLA,16.0,-1.2100000000000009,0.040000000000000036,2.0600000000000023,1.0,0.0,102.1054589762456,1.5338187637397036,178.50151370697827,-1.21,0.04,2.06,CCCC
3,319.0,C4,OLA,16.0,-0.975009952667676,0.10184886726761841,3.5744485449404313,1.0,0.0,107.42749442362076,1.5344705927452587,164.3706298571805,-0.975,0.102,3.574,CCCC
4,320.0,C5,OLA,16.0,-2.317171560578071,0.44540241614791554,4.234125115154198,1.0,0.0,111.36476180700042,1.524827859136898,164.4886719297686,-2.317,0.445,4.234,CCCC
5,321.0,C6,OLA,16.0,-2.1265472506763405,0.9014035874150733,5.676631719756537,1.0,0.0,114.93296763743642,1.529084693534007,172.87826072139873,-2.127,0.901,5.677,CCCC
6,322.0,C7,OLA,16.0,-3.42086343603972,1.1013315885617947,6.46585564657571,1.0,0.0,118.44644877117115,1.5304247776352824,170.77822340829,-3.421,1.101,6.466,CCCC
7,323.0,C8,OLA,16.0,-3.339431983859357,1.7597287089507727,7.845015590336927,1.0,0.0,105.57957370521214,1.5305227865013953,154.3496505484288,-3.339,1.76,7.845,CCCC
8,324.0,C9,OLA,16.0,-4.710941373502887,2.3980487922921574,8.077414956309863,1.0,0.0,123.36299948634804,1.3971757226634094,173.94383114829773,-4.711,2.398,8.077,CCCC
9,325.0,C10,OLA,16.0,-5.085133078071702,2.997577969678704,9.282672328697311,1.0,0.0,123.0705043244961,1.525975098093016,1.0593579667110655,-5.085,2.998,9.283,CCCC
10,326.0,C11,OLA,16.0,-6.446112242466643,3.6528132961897883,9.499472653862325,1.0,0.0,107.8616887054703,1.5338187637397103,175.95509239047723,-6.446,3.653,9.499,CCCC
11,327.0,C12,OLA,16.0,-6.447360594760346,4.283199919520068,10.897761303154574,1.0,0.0,114.23998980532718,1.5268595220255194,175.12090842949328,-6.447,4.283,10.898,CCCC
12,328.0,C13,OLA,16.0,-5.189810356166515,3.9976112055991297,11.715261446196138,1.0,0.0,114.64820087302613,1.526925014530836,171.41118451661472,-5.19,3.998,11.715,CCCC
13,329.0,C14,OLA,16.0,-5.086662847115034,4.78334191475635,13.020438769043077,1.0,0.0,107.24943680744147,1.5318616125486002,179.0771233237894,-5.087,4.783,13.02,CCCC
14,330.0,C15,OLA,16.0,-3.787062759262704,4.353357619577046,13.708009214563749,1.0,0.0,113.43425372966297,1.5301633899685336,165.65348163372929,-3.787,4.353,13.708,CCCC
15,331.0,C16,OLA,16.0,-3.7044054771656834,4.780863872113062,15.174912816644516,1.0,0.0,107.32485109940166,1.53753048750261,176.56464260911258,-3.704,4.781,15.175,CCCC
16,332.0,C17,OLA,16.0,-2.397057717824293,4.2074908458622575,15.745951527150126,1.0,0.0,115.89195172592427,1.5272524349301284,179.5203933502862,-2.397,4.207,15.746,CCCC
17,333.0,C18,OLA,16.0,-2.1222147256254646,4.511121409023522,17.21726720052749,1.0,0.0,120.50210129111645,1.3639281506003131,95.64872594774397,-2.122,4.511,17.217,CCCO
18,335.0,O20,OLA,16.0,-1.3353975034343537,5.567616639756012,17.570872186773304,1.0,0.0,101.05788988847048,0.9976973488989596,175.8177692169442,-1.335,5.568,17.571,CCOH
19,336.0,H21,OLA,16.0,-1.0395301215514547,5.89393416264444,16.67567423849942,1.0,0.0,0.0,0.0,0.0,-1.04,5.894,16.676,
0,21069.0,C1,OLA,5409.0,0.0,0.0,0.0,1.0,0.0,0.0,1.527154216181202,0.0,0.0,0.0,0.0,
1,21070.0,C2,OLA,5409.0,0.7700000000000102,-0.6799999999999997,-1.1300000000000026,1.0,0.0,103.93688540783702,1.5349918566559206,0.0,0.77,-0.68,-1.13,
2,21071.0,C3,OLA,5409.0,0.2400000000000091,0.0,-2.3999999999999986,1.0,0.0,121.9544002265733,1.5204604565722843,174.4659001113967,0.24,0.0,-2.4,CCCC
3,21072.0,C4,OLA,5409.0,0.8284836086064004,-0.2875533369760495,-3.7721516391398784,1.0,0.0,111.72924325539809,1.5284959927981543,60.21843405985872,0.828,-0.288,-3.772,CCCC
4,21073.0,C5,OLA,5409.0,-0.2176960164194024,-0.8608477092136532,-4.727736148721687,1.0,0.0,113.65143272841442,1.5350895739337134,178.95609865538833,-0.218,-0.861,-4.728,CCCC
5,21074.0,C6,OLA,5409.0,0.33614757090678143,-1.191607751507831,-6.120702435176319,1.0,0.0,110.6926342612814,1.527383383437174,178.0260395413198,0.336,-1.192,-6.121,CCCC
6,21075.0,C7,OLA,5409.0,-0.7507464745742632,-1.8033498212952643,-7.002367322732513,1.0,0.0,103.26583282677352,1.523876635426894,177.3012250863431,-0.751,-1.803,-7.002,CCCC
7,21076.0,C8,OLA,5409.0,-0.04780586041005262,-1.9967555574893758,-8.340526025642614,1.0,0.0,113.90256462266989,1.5308167754502855,170.64552215760986,-0.048,-1.997,-8.341,CCCC
8,21077.0,C9,OLA,5409.0,-0.8563979443519978,-2.810678687654748,-9.353989384612897,1.0,0.0,124.80829820500446,1.3913302986710272,175.4010552881126,-0.856,-2.811,-9.354,CCCC
9,21078.0,C10,OLA,5409.0,-0.4731648604631001,-3.0456420736857814,-10.670699151660461,1.0,0.0,131.81652880962403,1.5366522052826388,8.07060109471054,-0.473,-3.046,-10.671,CCCC
10,21079.0,C11,OLA,5409.0,-1.2141968903231681,-3.6862096986202744,-11.854694358027817,1.0,0.0,112.99061723956419,1.5286922515666754,167.63804113721812,-1.214,-3.686,-11.855,CCCC
11,21080.0,C12,OLA,5409.0,-0.2941653530043977,-4.004225514666574,-13.03338342265094,1.0,0.0,100.58162982807993,1.531045394493573,177.10224328078363,-0.294,-4.004,-13.033,CCCC
12,21081.0,C13,OLA,5409.0,-1.3094722068976754,-4.541628039510709,-14.04553485336143,1.0,0.0,104.94986128652069,1.530751449452193,175.3071451700926,-1.309,-4.542,-14.046,CCCC
13,21082.0,C14,OLA,5409.0,-0.46990563654906115,-5.007436741978249,-15.237738790049148,1.0,0.0,106.01379371750554,1.5345031769273076,175.64863248853382,-0.47,-5.007,-15.238,CCCC
14,21083.0,C15,OLA,5409.0,-1.4709328539989646,-5.449242901107489,-16.313588141810065,1.0,0.0,106.97257297159933,1.5254179755070454,170.36055123013074,-1.471,-5.449,-16.314,CCCC
15,21084.0,C16,OLA,5409.0,-0.6741290522781921,-5.687092053846731,-17.592428039227148,1.0,0.0,113.90625653925835,1.5319595294915613,166.22685793228752,-0.674,-5.687,-17.592,CCCC
16,21085.0,C17,OLA,5409.0,-1.540514469452162,-5.810299769713208,-18.849844504719446,1.0,0.0,112.17058037103425,1.535871088340427,165.36316596254775,-1.541,-5.81,-18.85,CCCC
17,21086.0,C18,OLA,5409.0,-0.7132080640582686,-5.6876183237269,-20.13802670239509,1.0,0.0,115.79674172732089,1.357460864997586,168.1887156800456,-0.713,-5.688,-20.138,CCCO
18,21088.0,O20,OLA,5409.0,-1.3522305602270748,-6.030836998652656,-21.2854373484083,1.0,0.0,100.99760920683893,1.001698557451295,175.52548288664406,-1.352,-6.031,-21.285,CCOH
19,21089.0,H21,OLA,5409.0,-0.6088152348342343,-5.944813686296288,-21.95127039332551,1.0,0.0,0.0,0.0,0.0,-0.609,-5.945,-21.951,
0,21090.0,C1,OLA,5410.0,0.0,0.0,0.0,1.0,0.0,0.0,1.527416118809805,0.0,0.0,0.0,0.0,
1,21091.0,C2,OLA,5410.0,-0.6500000000000057,0.41000000000000014,-1.3200000000000003,1.0,0.0,111.89416108127466,1.523975065412816,0.0,-0.65,0.41,-1.32,
2,21092.0,C3,OLA,5410.0,0.3499999999999943,0.41000000000000014,-2.469999999999999,1.0,0.0,111.96633796097382,1.5279070652364617,175.4073727068639,0.35,0.41,-2.47,CCCC
3,21093.0,C4,OLA,5410.0,-0.31999999999371637,0.7099999999974176,-3.8100000000034724,1.0,0.0,107.88765877654107,1.526957759730678,171.02386794645074,-0.32,0.71,-3.81,CCCC
4,21094.0,C5,OLA,5410.0,0.7075558744478214,0.4668309361995822,-4.9129948917935575,1.0,0.0,117.1653546979819,1.527939789423785,179.81145810750465,0.708,0.467,-4.913,CCCC
5,21095.0,C6,OLA,5410.0,0.2566870360951393,0.7103419991750257,-6.352446055575394,1.0,0.0,114.45494768978513,1.524663897398324,175.02861937105155,0.257,0.71,-6.352,CCCC
6,21096.0,C7,OLA,5410.0,1.2897784473248302,0.3358477605485867,-7.4093643122571216,1.0,0.0,115.4994091999001,1.5241391012641259,175.85455158618367,1.29,0.336,-7.409,CCCC
7,21097.0,C8,OLA,5410.0,0.9041391239636937,0.6602540671819908,-8.847781101820184,1.0,0.0,106.25105345857236,1.5269905042168905,158.53039956024534,0.904,0.66,-8.848,CCCC
8,21098.0,C9,OLA,5410.0,2.2103399528303598,0.7258658457461281,-9.635965400794074,1.0,0.0,117.4476387128578,1.3933413077923003,174.3705428857003,2.21,0.726,-9.636,CCCC
9,21099.0,C10,OLA,5410.0,2.1198267102242108,0.892367681051137,-11.016358276664302,1.0,0.0,125.87718418882272,1.5285941245384858,177.85701086411015,2.12,0.892,-11.016,CCCC
10,21100.0,C11,OLA,5410.0,3.2954482916982752,0.9365448743371835,-11.992351243015616,1.0,0.0,105.98592991654192,1.5269250145298698,169.72060824811194,3.295,0.937,-11.992,CCCC
11,21101.0,C12,OLA,5410.0,2.6842443830588154,0.8717902090011433,-13.390112529994827,1.0,0.0,118.70243405742349,1.5270232481338686,140.41987042165445,2.684,0.872,-13.39,CCCC
12,21102.0,C13,OLA,5410.0,3.3824672697847595,0.03239229446221066,-14.457677957433196,1.0,0.0,109.61764279834513,1.5340795285796347,173.24356310603358,3.382,0.032,-14.458,CCCC
13,21103.0,C14,OLA,5410.0,2.512050269832068,-0.023574438714131625,-15.719677153541067,1.0,0.0,113.92957741931866,1.52882307666644,164.41097411911196,2.512,-0.024,-15.72,CCCC
14,21104.0,C15,OLA,5410.0,2.9156825839890086,-1.1222871923441275,-16.703146136414603,1.0,0.0,104.3392366820839,1.5344705927547744,179.95154986483547,2.916,-1.122,-16.703,CCCC
15,21105.0,C16,OLA,5410.0,1.9197840184134018,-0.9798223167024859,-17.861804760131523,1.0,0.0,99.50033435892368,1.5256474035626388,5.410985156148991,1.92,-0.98,-17.862,CCCC
16,21106.0,C17,OLA,5410.0,2.324876785513071,-2.193530254722255,-18.69271564059598,1.0,0.0,106.95636925453427,1.525581856285611,167.3667829817303,2.325,-2.194,-18.693,CCCC
17,21107.0,C18,OLA,5410.0,1.2319903881570724,-2.403132212481024,-19.736299054613117,1.0,0.0,115.35808854105639,1.3611024940659195,149.37983977525477,1.232,-2.403,-19.736,CCCO
18,21109.0,O20,OLA,5410.0,1.0319963902032905,-3.6936826735936843,-20.119811645601143,1.0,0.0,112.04035620656443,0.9984988736050519,178.54741035869455,1.032,-3.694,-20.12,CCOH
19,21110.0,H21,OLA,5410.0,0.3237237813024074,-3.771225227912275,-20.81933795978282,1.0,0.0,0.0,0.0,0.0,0.324,-3.771,-20.819,
0,21111.0,C1,OLA,5411.0,0.0,0.0,0.0,1.0,0.0,0.0,1.5305554547287876,0.0,0.0,0.0,0.0,
1,21112.0,C2,OLA,5411.0,-0.8800000000000097,0.39000000000000057,1.190000000000012,1.0,0.0,104.12891683045633,1.5333949262991546,0.0,-0.88,0.39,1.19,
2,21113.0,C3,OLA,5411.0,0.11999999999999034,0.8199999999999932,2.2700000000000102,1.0,0.0,112.29224457234551,1.5282015573869847,167.7613906164974,0.12,0.82,2.27,CCCC
3,21114.0,C4,OLA,5411.0,-0.5361623777806515,0.9662204794028081,3.6423958996546224,1.0,0.0,106.18911999122626,1.526957759730102,176.55556342312406,-0.536,0.966,3.642,CCCC
4,21115.0,C5,OLA,5411.0,0.5528399767984555,1.477726956786082,4.582627251724815,1.0,0.0,113.83123595211991,1.5255490814785246,163.57879258725416,0.553,1.478,4.583,CCCC
5,21116.0,C6,OLA,5411.0,0.01744577433039834,2.059095846011501,5.887488647658332,1.0,0.0,106.33440350812825,1.5352524222420216,165.535625512239,0.017,2.059,5.887,CCCC
6,21117.0,C7,OLA,5411.0,1.1784404219127609,2.838273590407825,6.521502425836455,1.0,0.0,105.0930157792789,1.528168838839478,169.47389019008398,1.178,2.838,6.522,CCCC
7,21118.0,C8,OLA,5411.0,0.5496146185832734,3.622913720698071,7.672249129072426,1.0,0.0,105.24749296862511,1.529019293534257,147.10370562883912,0.55,3.623,7.672,CCCC
8,21119.0,C9,OLA,5411.0,1.3505894934171365,4.922537467493209,7.757790736763215,1.0,0.0,121.0646767788792,1.3923002549737702,169.43507340267257,1.351,4.923,7.758,CCCC
9,21120.0,C10,OLA,5411.0,0.9209404406777969,5.9801121526732,8.55493405935133,1.0,0.0,131.51834135188932,1.5334275333383038,2.0960934955188604,0.921,5.98,8.555,CCCC
10,21121.0,C11,OLA,5411.0,1.544022576270307,7.350151158209853,8.848467320862891,1.0,0.0,115.55840741313392,1.5328731193415877,163.19647480682627,1.544,7.35,8.848,CCCC
11,21122.0,C12,OLA,5411.0,0.9864088574741847,8.081159259208688,10.075004762927517,1.0,0.0,114.05717062363811,1.5319921670817978,151.52636039274898,0.986,8.081,10.075,CCCC
12,21123.0,C13,OLA,5411.0,1.988047751809619,9.024540978681884,10.748614781320597,1.0,0.0,113.88671309767331,1.5307514494521943,161.3350253216052,1.988,9.025,10.749,CCCC
13,21124.0,C14,OLA,5411.0,1.6168622517931406,9.399135300983056,12.185660507199316,1.0,0.0,115.56872472842781,1.5317963311093195,177.6063535114942,1.617,9.399,12.186,CCCC
14,21125.0,C15,OLA,5411.0,2.5623116959923533,10.386550138498594,12.876701234284717,1.0,0.0,113.78435909791945,1.5264665079850301,179.39431904832432,2.562,10.387,12.877,CCCC
15,21126.0,C16,OLA,5411.0,2.146253899066473,10.742792464006346,14.301512560437867,1.0,0.0,108.15806022310156,1.5244671200127502,168.2255393037069,2.146,10.743,14.302,CCCC
16,21127.0,C17,OLA,5411.0,2.983250617752386,11.932574329634992,14.757424399624755,1.0,0.0,115.13697843761322,1.5334275333383165,173.07637103816265,2.983,11.933,14.757,CCCC
17,21128.0,C18,OLA,5411.0,2.8134356821025697,12.322057963862765,16.23081008786088,1.0,0.0,116.06624045669895,1.359595528089138,150.2477304278481,2.813,12.322,16.231,CCCO
18,21130.0,O20,OLA,5411.0,2.9942439033319257,13.636882012512055,16.52584586232589,1.0,0.0,105.4940399765628,0.9994498486667522,6.849427086888687,2.994,13.637,16.526,CCOH
19,21131.0,H21,OLA,5411.0,2.7378864634016375,13.732517085933035,17.48711314863294,1.0,0.0,0.0,0.0,0.0,2.738,13.733,17.487,
0,21132.0,C1,OLA,5412.0,0.0,0.0,0.0,1.0,0.0,0.0,90.02310203497767,0.0,0.0,0.0,0.0,
1,21133.0,C2,OLA,5412.0,-0.21999999999999886,90.01,1.519999999999996,1.0,0.0,29.68803674547243,1.5327426398453268,0.0,-0.22,90.01,1.52,
2,21134.0,C3,OLA,5412.0,0.27000000000001023,88.67,2.0799999999999983,1.0,0.0,110.89694501687025,1.5322532427767965,109.7646698562691,0.27,88.67,2.08,CCCC
3,21135.0,C4,OLA,5412.0,1.747536442567025,88.44422081439347,1.7427911326403267,1.0,0.0,105.09280786612732,1.524663897388522,176.82432038961306,1.748,88.444,1.743,CCCC
4,21136.0,C5,OLA,5412.0,2.1136787938991133,87.12985357760701,2.423216400307745,1.0,0.0,113.19940273422382,1.5390906406056908,161.71148892290216,2.114,87.13,2.423,CCCC
5,21137.0,C6,OLA,5412.0,3.3963182280244997,86.49230596024479,1.8600387048917955,1.0,0.0,110.69222299565078,1.5295097253695282,176.17954828693664,3.396,86.492,1.86,CCCC
6,21138.0,C7,OLA,5412.0,3.6579050240665487,85.135182933561,2.5151642177356752,1.0,0.0,107.05347849793435,1.5266957784706185,176.7469548187315,3.658,85.135,2.515,CCCC
7,21139.0,C8,OLA,5412.0,4.894038396002413,84.54389407946194,1.8419987270676912,1.0,0.0,110.16209398282393,1.5313066316058341,173.21941195997516,4.894,84.544,1.842,CCCC
8,21140.0,C9,OLA,5412.0,5.123315268558295,83.10932053089195,2.326076044714863,1.0,0.0,124.65999906141049,1.388164255410724,172.12837643594474,5.123,83.109,2.326,CCCC
9,21141.0,C10,OLA,5412.0,6.244124753703552,82.34578001817354,2.0297789238235833,1.0,0.0,119.53678157241892,1.5344705927452642,0.06133816179686326,6.244,82.346,2.03,CCCC
10,21142.0,C11,OLA,5412.0,6.353288957292987,80.91735963895856,2.5795956177358024,1.0,0.0,112.44247369172622,1.5338187637397198,165.65386319094793,6.353,80.917,2.58,CCCC
11,21143.0,C12,OLA,5412.0,7.773939345624385,80.35136531765643,2.4612617677754294,1.0,0.0,112.79968036298946,1.5202631351183966,167.95588592008468,7.774,80.351,2.461,CCCC
12,21144.0,C13,OLA,5412.0,7.836179706359998,78.8556855018158,2.726342936532956,1.0,0.0,112.05505972474415,1.5282342752339977,170.4361073000654,7.836,78.856,2.726,CCCC
13,21145.0,C14,OLA,5412.0,9.203146348878231,78.26761926815448,2.378377028918132,1.0,0.0,105.70423587864171,1.5317310468877983,177.93907256307665,9.203,78.268,2.378,CCCC
14,21146.0,C15,OLA,5412.0,9.088409446577039,76.76412258541677,2.647696854168321,1.0,0.0,115.51816607900047,1.5244015219095024,167.3211297454544,9.088,76.764,2.648,CCCC
15,21147.0,C16,OLA,5412.0,10.223232376522208,75.90946556339621,2.0949416711431192,1.0,0.0,116.59398674382389,1.5339491516996187,150.04475623453803,10.223,75.909,2.095,CCCC
16,21148.0,C17,OLA,5412.0,10.55839684458139,74.62864158904736,2.8696382092164168,1.0,0.0,116.07176927696474,1.5310780515702107,75.54348470988936,10.558,74.629,2.87,CCCC
17,21149.0,C18,OLA,5412.0,10.081090668638627,73.31710916687639,2.240145143328232,1.0,0.0,116.46950375080858,1.3485547819795718,85.17432489787211,10.081,73.317,2.24,CCCO
18,21151.0,O20,OLA,5412.0,10.972987738196469,72.65984268311517,1.4713016050416337,1.0,0.0,105.89534405209234,1.0020479030465501,6.419778184853075,10.973,72.66,1.471,CCOH
19,21152.0,H21,OLA,5412.0,10.470936543679878,71.89618882352129,1.0603546721121875,1.0,0.0,0.0,0.0,0.0,10.471,71.896,1.06,
0,21153.0,C1,OLA,5413.0,0.0,0.0,0.0,1.0,0.0,0.0,89.07702004445368,0.0,0.0,0.0,0.0,
1,21154.0,C2,OLA,5413.0,-0.9099999999999966,89.07000000000001,-0.6499999999999986,1.0,0.0,88.47412548813097,1.52623720305855,0.0,-0.91,89.07,-0.65,
2,21155.0,C3,OLA,5413.0,-2.289999999999992,89.02000000000001,0.0,1.0,0.0,110.30574113948498,1.538375766839829,55.36482024482898,-2.29,89.02,0.0,CCCC
3,21156.0,C4,OLA,5413.0,-3.306260097794459,89.80901761023412,-0.8433662457697864,1.0,0.0,109.7701600734917,1.531078051570191,178.6339008000224,-3.306,89.809,-0.843,CCCC
4,21157.0,C5,OLA,5413.0,-4.677646692203884,89.77941301953142,-0.16320275293513664,1.0,0.0,108.52040531707283,1.5275470532851065,162.7717889812453,-4.678,89.779,-0.163,CCCC
5,21158.0,C6,OLA,5413.0,-5.53898087348113,90.89127520047971,-0.7592446296018529,1.0,0.0,106.43863889992436,1.537205256301197,169.96777570024653,-5.539,90.891,-0.759,CCCC
6,21159.0,C7,OLA,5413.0,-6.966999932039536,90.66178519214954,-0.2385759212734846,1.0,0.0,101.05461463439612,1.5341773039645734,166.64134338856624,-6.967,90.662,-0.239,CCCC
7,21160.0,C8,OLA,5413.0,-7.768287753228854,91.59340524004,-1.157119286594387,1.0,0.0,110.73764387319736,1.526040628554817,179.1859735787905,-7.768,91.593,-1.157,CCCC
8,21161.0,C9,OLA,5413.0,-9.258028813898001,91.52001976595803,-0.8344954428100447,1.0,0.0,124.16637880714048,1.391797399049155,174.88301587551027,-9.258,91.52,-0.834,CCCC
9,21162.0,C10,OLA,5413.0,-10.226752729626106,92.32439249494757,-1.427503442741963,1.0,0.0,123.94657334406321,1.5279070652366284,2.012593277961693,-10.227,92.324,-1.428,CCCC
10,21163.0,C11,OLA,5413.0,-11.71123386619938,92.27727741372425,-1.0689007038402067,1.0,0.0,113.22502062212193,1.5315678241592803,154.81139167241807,-11.711,92.277,-1.069,CCCC
11,21164.0,C12,OLA,5413.0,-12.445203648238525,93.58927484316848,-1.3615628028294873,1.0,0.0,114.42627890473203,1.5252540771950178,171.16535786446704,-12.445,93.589,-1.362,CCCC
12,21165.0,C13,OLA,5413.0,-13.870797645688542,93.64828656955282,-0.8224901073946032,1.0,0.0,114.80849314439604,1.5350570021989371,49.786142306822136,-13.871,93.648,-0.822,CCCC
13,21166.0,C14,OLA,5413.0,-14.201957366497309,94.91048004966932,-0.014034259549828176,1.0,0.0,115.8339872860274,1.526630276131062,164.30538740534902,-14.202,94.91,-0.014,CCCC
14,21167.0,C15,OLA,5413.0,-15.465001501459387,94.84073660115226,0.8406325562088435,1.0,0.0,111.39795710780989,1.532187978023579,59.676330554988745,-15.465,94.841,0.841,CCCC
15,21168.0,C16,OLA,5413.0,-15.148922033702277,95.05821525915283,2.3240060044061224,1.0,0.0,109.50872890934183,1.5341773039645696,163.94725429547847,-15.149,95.058,2.324,CCCC
16,21169.0,C17,OLA,5413.0,-16.33733639440027,94.59184165144336,3.1748097122322907,1.0,0.0,111.25937093001994,1.5208221460775704,158.63277722943985,-16.337,94.592,3.175,CCCC
17,21170.0,C18,OLA,5413.0,-16.317740694774766,95.23865525482206,4.551090269098169,1.0,0.0,115.91051481980641,1.3622775047691258,162.10125609861254,-16.318,95.239,4.551,CCCO
18,21172.0,O20,OLA,5413.0,-17.491583837836274,95.20469170063414,5.241552972814718,1.0,0.0,107.35257252813756,0.9970456358662914,176.63382225225195,-17.492,95.205,5.242,CCOH
19,21173.0,H21,OLA,5413.0,-17.321734188032533,95.60914157936146,6.136914010883727,1.0,0.0,0.0,0.0,0.0,-17.322,95.609,6.137,
0,21174.0,C1,OLA,5414.0,0.0,0.0,0.0,1.0,0.0,0.0,1.5360338537935951,0.0,0.0,0.0,0.0,
1,21175.0,C2,OLA,5414.0,-0.1299999999999999,-0.040000000000000036,1.5300000000000011,1.0,0.0,112.89755014722445,1.529999999999998,0.0,-0.13,-0.04,1.53,
2,21176.0,C3,OLA,5414.0,0.8899999999999997,-0.9699999999999998,2.1899999999999977,1.0,0.0,113.32668619362494,1.532090075680932,177.44678512696254,0.89,-0.97,2.19,CCCC
3,21177.0,C4,OLA,5414.0,0.8100000000777956,-0.9699999999041469,3.7199999999672806,1.0,0.0,112.3302569888913,1.5328731193415859,56.15670852566701,0.81,-0.97,3.72,CCCC
4,21178.0,C5,OLA,5414.0,2.149177778808737,-0.6099999998918841,4.373224981847439,1.0,0.0,110.27424084703539,1.5360664048145785,165.87071293169566,2.149,-0.61,4.373,CCCC
5,21179.0,C6,OLA,5414.0,1.9447124720269109,-0.27957339930799435,5.85933137102252,1.0,0.0,111.27678422458982,1.5292481812969418,175.54725205127616,1.945,-0.28,5.859,CCCC
6,21180.0,C7,OLA,5414.0,3.2478833085979337,0.18897609282048655,6.508027867121728,1.0,0.0,105.27202068401351,1.524303119461483,177.33064060236526,3.248,0.189,6.508,CCCC
7,21181.0,C8,OLA,5414.0,2.8776848007729288,0.5405626689639936,7.94428687727845,1.0,0.0,104.00618202954162,1.5309474190840113,174.5994982171158,2.878,0.541,7.944,CCCC
8,21182.0,C9,OLA,5414.0,4.164448473525107,1.133876714150126,8.523957209685204,1.0,0.0,126.25324092009997,1.3856767299770953,175.78985051838828,4.164,1.134,8.524,CCCC
9,21183.0,C10,OLA,5414.0,4.317101200022622,1.6833656913244015,9.786834483636348,1.0,0.0,123.23747584900958,1.5358710883404212,3.9212437163235396,4.317,1.683,9.787,CCCC
10,21184.0,C11,OLA,5414.0,5.664209112254559,2.181518200288492,10.330934061476906,1.0,0.0,108.13112018257395,1.5315351775261328,178.15248896492722,5.664,2.182,10.331,CCCC
11,21185.0,C12,OLA,5414.0,5.446398706615025,2.6739481668322593,11.764695323041853,1.0,0.0,113.40463335741322,1.526728528586533,170.7083235077439,5.446,2.674,11.765,CCCC
12,21186.0,C13,OLA,5414.0,6.655531414802333,3.4027237132147587,12.345887457354095,1.0,0.0,112.44126919981935,1.5312086729117012,178.40732142230618,6.656,3.403,12.346,CCCC
13,21187.0,C14,OLA,5414.0,6.4003612701664645,3.9191916860945493,13.764601322189105,1.0,0.0,113.90486989132128,1.534307661455156,178.17223477720643,6.4,3.919,13.765,CCCC
14,21188.0,C15,OLA,5414.0,7.579361990429547,4.696241833816795,14.364809927209768,1.0,0.0,108.32624094272082,1.5268595220255199,155.96167812905946,7.579,4.696,14.365,CCCC
15,21189.0,C16,OLA,5414.0,7.473958655921546,4.62870653851832,15.886529060615008,1.0,0.0,113.86121093086372,1.5333949262991595,167.02728354084093,7.474,4.629,15.887,CCCC
16,21190.0,C17,OLA,5414.0,8.395449317943655,5.613278998448154,16.616441405365503,1.0,0.0,117.64604853170178,1.5253524182955251,89.59741317554989,8.395,5.613,16.616,CCCC
17,21191.0,C18,OLA,5414.0,9.79411107210212,5.131144723538224,16.98791393251449,1.0,0.0,118.5129623053443,1.3622408010333455,153.55661395209586,9.794,5.131,16.988,CCCO
18,21193.0,O20,OLA,5414.0,10.787322837409672,6.054503949898422,17.116902801697414,1.0,0.0,114.13655224292927,1.0042410069301113,8.028492921333529,10.787,6.055,17.117,CCOH
19,21194.0,H21,OLA,5414.0,11.645837892979543,5.685492293712005,17.48471022038323,1.0,0.0,0.0,0.0,0.0,11.646,5.685,17.485,
0,21195.0,C1,OLA,5415.0,0.0,0.0,0.0,1.0,0.0,0.0,1.5314698821720265,0.0,0.0,0.0,0.0,
1,21196.0,C2,OLA,5415.0,-0.17999999999999972,1.4100000000000001,0.5700000000000003,1.0,0.0,107.86920066943073,1.5283324245726115,0.0,-0.18,1.41,0.57,
2,21197.0,C3,OLA,5415.0,1.0,2.26,0.10000000000000142,1.0,0.0,116.20932399991007,1.5281688388394772,177.64062244993215,1.0,2.26,0.1,CCCC
3,21198.0,C4,OLA,5415.0,1.039999999928063,3.699999999993371,0.6099999999979112,1.0,0.0,115.22493863774916,1.5370100845472747,172.68539617621724,1.04,3.7,0.61,CCCC
4,21199.0,C5,OLA,5415.0,2.132397091721001,4.584860276378459,-0.0113621207646926,1.0,0.0,108.76044410561364,1.528561415187498,59.916568525481274,2.132,4.585,-0.011,CCCC
5,21200.0,C6,OLA,5415.0,3.0532363592447487,5.083798149367495,1.1020183363490759,1.0,0.0,107.30771142367797,1.5276452467768833,146.40920506484724,3.053,5.084,1.102,CCCC
6,21201.0,C7,OLA,5415.0,4.460163537300037,5.187423713727912,0.5159145417361398,1.0,0.0,114.44755058931291,1.525549081478539,158.52387016237643,4.46,5.187,0.516,CCCC
7,21202.0,C8,OLA,5415.0,5.393201721973899,6.12512108941485,1.2758246532405448,1.0,0.0,110.57058915995056,1.5342750731208523,175.24882267086835,5.393,6.125,1.276,CCCC
8,21203.0,C9,OLA,5415.0,6.737880770200647,6.253751713148259,0.5482997946338533,1.0,0.0,117.39613034710176,1.3867227552759107,160.21353048021257,6.738,6.254,0.548,CCCC
9,21204.0,C10,OLA,5415.0,7.821212818648805,6.707935908660171,1.2852586736482245,1.0,0.0,124.3769112093561,1.5313066316058317,4.457060200125477,7.821,6.708,1.285,CCCC
10,21205.0,C11,OLA,5415.0,9.252448279895997,6.803718784185537,0.7492636221562372,1.0,0.0,114.45867872965727,1.5253524182955243,175.7219201459524,9.252,6.804,0.749,CCCC
11,21206.0,C12,OLA,5415.0,10.286530256385388,7.236778557286926,1.7835912776172254,1.0,0.0,103.10965136847211,1.5272851731094654,171.03808164256034,10.287,7.237,1.784,CCCC
12,21207.0,C13,OLA,5415.0,11.54088984907418,7.468090454025754,0.9435455534652064,1.0,0.0,107.61651576773241,1.532155344604453,167.48457859354858,11.541,7.468,0.944,CCCC
13,21208.0,C14,OLA,5415.0,12.557266376586531,8.205715243766166,1.821263289858099,1.0,0.0,111.04993223589184,1.5269250145308397,170.16844010529715,12.557,8.206,1.821,CCCC
14,21209.0,C15,OLA,5415.0,13.925005035078623,8.264956693758624,1.1450374306541207,1.0,0.0,106.4425569820801,1.5346986674914385,157.45133957468468,13.925,8.265,1.145,CCCC
15,21210.0,C16,OLA,5415.0,14.954132061183333,8.47474198361401,2.2640493592327635,1.0,0.0,106.42161802887375,1.5295097253695422,172.90621924102135,14.954,8.475,2.264,CCCC
16,21211.0,C17,OLA,5415.0,16.29889704716613,8.713488307590637,1.5755674602564995,1.0,0.0,109.13581814088542,1.5323511346946537,64.85493840136485,16.299,8.713,1.576,CCCC
17,21212.0,C18,OLA,5415.0,16.771618722271626,10.139493328624642,1.87746793701333,1.0,0.0,110.88034333463676,1.3556548233234005,142.73679180533998,16.772,10.139,1.877,CCCO
18,21214.0,O20,OLA,5415.0,17.38590033389711,10.6835306962817,0.7983565228354524,1.0,0.0,103.90559408955065,0.9908077512817491,177.12773580520127,17.386,10.684,0.798,CCOH
19,21215.0,H21,OLA,5415.0,17.687203541154283,11.571496464775924,1.1184083487616174,1.0,0.0,0.0,0.0,0.0,17.687,11.571,1.118,
0,21216.0,C1,OLA,5416.0,0.0,0.0,0.0,1.0,0.0,0.0,1.5268267747193887,0.0,0.0,0.0,0.0,
1,21217.0,C2,OLA,5416.0,-0.12000000000000455,0.08000000000000007,1.5200000000000031,1.0,0.0,107.5898733319912,1.5318289721767275,0.0,-0.12,0.08,1.52,
2,21218.0,C3,OLA,5416.0,0.15000000000000568,-1.3200000000000003,2.0800000000000054,1.0,0.0,110.63877342364991,1.5274161188097988,178.05486194777015,0.15,-1.32,2.08,CCCC
3,21219.0,C4,OLA,5416.0,-2.9348590738698945e-12,-1.329999999997642,3.6000000000005308,1.0,0.0,110.36415506054915,1.5344705927452644,177.59297550699523,-0.0,-1.33,3.6,CCCC
4,21220.0,C5,OLA,5416.0,0.21287311135481152,-2.7472839868721866,4.148261925551621,1.0,0.0,115.88448500805194,1.5351872849916355,166.7317034784084,0.213,-2.747,4.148,CCCC
5,21221.0,C6,OLA,5416.0,0.40580413941618493,-2.8562664144335996,5.667373655771237,1.0,0.0,114.87299807255049,1.528234275234003,179.04631870849892,0.406,-2.856,5.667,CCCC
6,21222.0,C7,OLA,5416.0,0.5930163076883012,-4.2797114132913485,6.191068165266021,1.0,0.0,106.35996000800806,1.5360338537935951,169.4168305898441,0.593,-4.28,6.191,CCCC
7,21223.0,C8,OLA,5416.0,0.4966845274947712,-4.1937706190063135,7.721667514513073,1.0,0.0,106.56024328122169,1.5337861650177982,169.5920774582408,0.497,-4.194,7.722,CCCC
8,21224.0,C9,OLA,5416.0,0.4182834646483245,-5.636458127951115,8.236454873404437,1.0,0.0,128.0571424737329,1.3913302986710212,178.6225630709369,0.418,-5.636,8.236,CCCC
9,21225.0,C10,OLA,5416.0,0.2931638507555384,-6.072121740053777,9.55187963343801,1.0,0.0,118.43938351308475,1.52990195764304,1.1230613167849377,0.293,-6.072,9.552,CCCC
10,21226.0,C11,OLA,5416.0,0.26128285710473276,-7.577870416097824,9.820774644349534,1.0,0.0,113.66016894188495,1.521906698848518,177.35802182970068,0.261,-7.578,9.821,CCCC
11,21227.0,C12,OLA,5416.0,0.18583548042683068,-7.93288927269951,11.298769673030167,1.0,0.0,111.80983773069593,1.5301633899685376,176.97203681595957,0.186,-7.933,11.299,CCCC
12,21228.0,C13,OLA,5416.0,0.0812402181727642,-9.443959782217533,11.51585432558961,1.0,0.0,111.45455358327443,1.5308820986607767,169.99512125713073,0.081,-9.444,11.516,CCCC
13,21229.0,C14,OLA,5416.0,-0.24044679779152608,-9.779149079848608,12.974540583328313,1.0,0.0,113.26538915372412,1.5280706789936072,55.22364631152105,-0.24,-9.779,12.975,CCCC
14,21230.0,C15,OLA,5416.0,0.7673173336878656,-10.735743221312793,13.610417225384694,1.0,0.0,109.91463715945879,1.5370100845472663,172.77021524438365,0.767,-10.736,13.61,CCCC
15,21231.0,C16,OLA,5416.0,0.47821906182948865,-10.877584969383337,15.113315461365133,1.0,0.0,102.15460907901928,1.530816775450289,164.55198636758823,0.478,-10.878,15.113,CCCC
16,21232.0,C17,OLA,5416.0,1.2844400466063663,-12.126106555804142,15.480196330204599,1.0,0.0,114.43485194989238,1.5277107055984076,167.64761184284825,1.284,-12.126,15.48,CCCC
17,21233.0,C18,OLA,5416.0,0.965734503265247,-12.701572457116484,16.859024010916716,1.0,0.0,116.93237161147458,1.360918807276907,111.02773786661893,0.966,-12.702,16.859,CCCO
18,21235.0,O20,OLA,5416.0,1.347400026108419,-11.964788343458661,17.937717942732174,1.0,0.0,107.56088850731837,1.0004498987955444,167.27690212558082,1.347,-11.965,17.938,CCOH
19,21236.0,H21,OLA,5416.0,1.2672649084716978,-12.548979991737944,18.745924897047946,1.0,0.0,0.0,0.0,0.0,1.267,-12.549,18.746,
0,21237.0,C1,OLA,5417.0,0.0,0.0,0.0,1.0,0.0,0.0,1.5334275333383072,0.0,0.0,0.0,0.0,
1,21238.0,C2,OLA,5417.0,0.3199999999999932,-1.0300000000000011,1.0900000000000034,1.0,0.0,106.72893069834583,1.5279070652366242,0.0,0.32,-1.03,1.09,
2,21239.0,C3,OLA,5417.0,0.5099999999999909,-0.25,2.3900000000000006,1.0,0.0,109.93571718254314,1.5292808767522104,173.74475273647602,0.51,-0.25,2.39,CCCC
3,21240.0,C4,OLA,5417.0,0.6799999999955348,-1.2200000000005184,3.560000000000223,1.0,0.0,110.35159124134081,1.5314372334509894,176.3287941061165,0.68,-1.22,3.56,CCCC
4,21241.0,C5,OLA,5417.0,0.7799999999741489,-0.45000000006177293,4.880000000064673,1.0,0.0,107.24320478172415,1.5360338537935911,160.75266812051765,0.78,-0.45,4.88,CCCC
5,21242.0,C6,OLA,5417.0,1.4207940515640571,-1.3926936776681826,5.909617217115653,1.0,0.0,111.86397233975329,1.5294770348063458,177.0857177600034,1.421,-1.393,5.91,CCCC
6,21243.0,C7,OLA,5417.0,1.5063376537735584,-0.7497653141494893,7.294761762462667,1.0,0.0,116.5138356294447,1.5309474190840133,169.30130303136767,1.506,-0.75,7.295,CCCC
7,21244.0,C8,OLA,5417.0,2.3489629465701016,-1.4864464231882522,8.339311215348756,1.0,0.0,109.16546327495203,1.5326121492406362,179.62429241565792,2.349,-1.486,8.339,CCCC
8,21245.0,C9,OLA,5417.0,2.3265480784714665,-0.6961104401971681,9.652234140615086,1.0,0.0,123.18059963270065,1.3906113763377554,168.2818254341647,2.327,-0.696,9.652,CCCC
9,21246.0,C10,OLA,5417.0,2.794047122911536,-1.208946209387384,10.857325057223793,1.0,0.0,117.17761385926042,1.5292154851426245,3.542689001039113,2.794,-1.209,10.857,CCCC
10,21247.0,C11,OLA,5417.0,2.6300396657428333,-0.33271771478984746,12.09983267460423,1.0,0.0,105.32612921479972,1.5227934856703351,167.08322941171127,2.63,-0.333,12.1,CCCC
11,21248.0,C12,OLA,5417.0,3.500483128760208,-0.9815457128081235,13.167657757041535,1.0,0.0,112.31231235036635,1.5319921670817993,175.16032846729658,3.5,-0.982,13.168,CCCC
12,21249.0,C13,OLA,5417.0,3.5474053599672004,-0.158511212635083,14.458941039572375,1.0,0.0,101.42252679767358,1.526368238663266,163.47216149047583,3.547,-0.159,14.459,CCCC
13,21250.0,C14,OLA,5417.0,4.763401890049481,-0.7611484539199818,15.157497260825453,1.0,0.0,109.79472721648273,1.5354803808580582,170.9385964634789,4.763,-0.761,15.157,CCCC
14,21251.0,C15,OLA,5417.0,5.126919803080816,0.08195037654969273,16.38824463089417,1.0,0.0,107.1094381301136,1.529215485142619,178.53842629367946,5.127,0.082,16.388,CCCC
15,21252.0,C16,OLA,5417.0,6.323506660535573,-0.5938502874526963,17.059045163943182,1.0,0.0,114.16435320898049,1.5241391012633991,175.4727929353157,6.324,-0.594,17.059,CCCC
16,21253.0,C17,OLA,5417.0,6.889538020392488,0.1755089032030186,18.246771957332477,1.0,0.0,116.03357521887753,1.5258440287263955,97.58453960000168,6.89,0.176,18.247,CCCC
17,21254.0,C18,OLA,5417.0,8.106095120544053,1.0505503243479015,17.95955891210002,1.0,0.0,118.53079051790509,1.3515546603818873,77.98085324675439,8.106,1.051,17.96,CCCO
18,21256.0,O20,OLA,5417.0,9.327136401730504,0.5969708941191869,18.320147167743393,1.0,0.0,109.15049967945201,1.0004998750624594,1.002954945875091,9.327,0.597,18.32,CCOH
19,21257.0,H21,OLA,5417.0,10.01541521859773,1.2832824423639795,18.082979023235985,1.0,0.0,0.0,0.0,0.0,10.015,1.283,18.083,
0,21258.0,C1,OLA,5418.0,0.0,0.0,0.0,1.0,0.0,0.0,1.5231874474272633,0.0,0.0,0.0,0.0,
1,21259.0,C2,OLA,5418.0,-0.29999999999999716,-1.009999999999998,1.0999999999999943,1.0,0.0,111.02491766696039,1.5305227865014055,0.0,-0.3,-1.01,1.1,
2,21260.0,C3,OLA,5418.0,-0.25,-0.34999999999999787,2.480000000000004,1.0,0.0,108.15621010319802,1.5323185047502392,172.42131370660388,-0.25,-0.35,2.48,CCCC
3,21261.0,C4,OLA,5418.0,-0.7441325998378381,-1.367224177127013,3.51396709195514,1.0,0.0,106.79266567292056,1.5319595294915616,173.42353707047835,-0.744,-1.367,3.514,CCCC
4,21262.0,C5,OLA,5418.0,-0.5254433413542826,-0.7379439713236692,4.893489266770739,1.0,0.0,112.38970048413627,1.539253065613312,172.90632230853413,-0.525,-0.738,4.893,CCCC
5,21263.0,C6,OLA,5418.0,-0.8176820970065187,-1.7225007844686921,6.040025088878533,1.0,0.0,113.99396410051835,1.5233515680892575,157.090375807026,-0.818,-1.723,6.04,CCCC
6,21264.0,C7,OLA,5418.0,-1.1538755410814545,-1.0489406719362377,7.3643704905666105,1.0,0.0,107.90242032506704,1.5285941253321582,177.39866596689362,-1.154,-1.049,7.364,CCCC
7,21265.0,C8,OLA,5418.0,-1.352828186207422,-2.1445506963393157,8.41158418395554,1.0,0.0,112.3963750874386,1.5343076614551645,110.89617597699593,-1.353,-2.145,8.412,CCCC
8,21266.0,C9,OLA,5418.0,-2.8146670133308223,-2.2642808728748807,8.86190843008333,1.0,0.0,124.7778333839657,1.390827092057101,170.66907812018056,-2.815,-2.264,8.862,CCCC
9,21267.0,C10,OLA,5418.0,-3.2551719586735586,-3.040706351393664,9.928453726415007,1.0,0.0,118.11535961126894,1.5281688388394776,1.465403898137177,-3.255,-3.041,9.928,CCCC
10,21268.0,C11,OLA,5418.0,-4.754221625915844,-3.0751472334096936,10.223350184118488,1.0,0.0,105.18486930992799,1.5284305676084784,165.2192016007538,-4.754,-3.075,10.223,CCCC
11,21269.0,C12,OLA,5418.0,-4.872992007805364,-3.674844363320151,11.624191698612808,1.0,0.0,112.01472200824806,1.5272524349301322,175.3621146238851,-4.873,-3.675,11.624,CCCC
12,21270.0,C13,OLA,5418.0,-6.32869740773293,-3.887009674325398,12.034566733696352,1.0,0.0,108.41674547576244,1.5326447729333723,178.3797318727626,-6.329,-3.887,12.035,CCCC
13,21271.0,C14,OLA,5418.0,-6.350901006978791,-4.525625241367381,13.427648625658215,1.0,0.0,118.27198628309826,1.5287576655572335,169.15494008970074,-6.351,-4.526,13.428,CCCC
14,21272.0,C15,OLA,5418.0,-7.6872660235481485,-4.60720931521652,14.165600237588059,1.0,0.0,111.86325050461416,1.533818763739711,163.5754722266076,-7.687,-4.607,14.166,CCCC
15,21273.0,C16,OLA,5418.0,-7.497351416560173,-4.884571097821581,15.66213051913819,1.0,0.0,104.1338417206409,1.5242703172337977,169.628091543732,-7.497,-4.885,15.662,CCCC
16,21274.0,C17,OLA,5418.0,-8.903095232813287,-5.191685323192451,16.16508695428824,1.0,0.0,109.0066415264121,1.5267285285865309,174.12914108000143,-8.903,-5.192,16.165,CCCC
17,21275.0,C18,OLA,5418.0,-9.899307167519328,-4.9537279091198645,15.032904084673572,1.0,0.0,114.92605200178359,1.3606616037795745,122.27702426233351,-9.899,-4.954,15.033,CCCO
18,21277.0,O20,OLA,5418.0,-10.66000179198399,-6.032345872972865,14.702257783675993,1.0,0.0,106.59677188894106,1.004241006930102,2.102079870724281,-10.66,-6.032,14.702,CCOH
19,21278.0,H21,OLA,5418.0,-11.238146909127195,-5.75008691875236,13.931168874213922,1.0,0.0,0.0,0.0,0.0,-11.238,-5.75,13.931,
0,21279.0,C1,OLA,5419.0,0.0,0.0,0.0,1.0,0.0,0.0,1.526892268629325,0.0,0.0,0.0,0.0,
1,21280.0,C2,OLA,5419.0,0.45000000000000284,-0.8299999999999983,1.2000000000000028,1.0,0.0,120.82624659945891,1.5345683432157793,0.0,0.45,-0.83,1.2,
2,21281.0,C3,OLA,5419.0,1.6200000000000045,-0.36999999999999744,2.0800000000000125,1.0,0.0,108.42871148552891,1.5262372030585531,178.38047113044044,1.62,-0.37,2.08,CCCC
3,21282.0,C4,OLA,5419.0,1.8521641239944477,-1.4210023682246822,3.1620784821429906,1.0,0.0,109.97527716435712,1.5328405005087695,177.3804780554569,1.852,-1.421,3.162,CCCC
4,21283.0,C5,OLA,5419.0,2.973255695462354,-0.9652089395168734,4.1028260777978405,1.0,0.0,108.8404440619781,1.5316984037335828,174.11027586986788,2.973,-0.965,4.103,CCCC
5,21284.0,C6,OLA,5419.0,3.2853290468031804,-2.097817406301223,5.085632408830611,1.0,0.0,106.12620794941137,1.531371933920687,170.01659841681501,3.285,-2.098,5.086,CCCC
6,21285.0,C7,OLA,5419.0,4.2172031849149905,-1.498809136319247,6.14294016119272,1.0,0.0,105.90822714785548,1.529738539751165,176.79722785237402,4.217,-1.499,6.143,CCCC
7,21286.0,C8,OLA,5419.0,4.590603659990125,-2.6529170344092075,7.074984712031122,1.0,0.0,106.78842573288,1.534014341523568,158.8665196836569,4.591,-2.653,7.075,CCCC
8,21287.0,C9,OLA,5419.0,5.888259788575829,-2.2468218248134604,7.7851785254978,1.0,0.0,125.20817909663215,1.3891364223862321,157.67063695614942,5.888,-2.247,7.785,CCCC
9,21288.0,C10,OLA,5419.0,6.79600189966959,-1.3048366757157388,7.317879650435085,1.0,0.0,120.77556619801642,1.5249262277238238,0.5231861193858328,6.796,-1.305,7.318,CCCC
10,21289.0,C11,OLA,5419.0,8.05227241356475,-0.9695474032852803,8.114601370806355,1.0,0.0,104.62242238486846,1.5318289721767198,168.08527320191905,8.052,-0.97,8.115,CCCC
11,21290.0,C12,OLA,5419.0,8.914869531873798,-0.15009178132529177,7.149760091053702,1.0,0.0,111.587662419721,1.5321227104902562,177.18786715903767,8.915,-0.15,7.15,CCCC
12,21291.0,C13,OLA,5419.0,10.204544850108594,0.3349388667418076,7.819747287925121,1.0,0.0,102.07142368772932,1.5311433636338525,174.4013823806054,10.205,0.335,7.82,CCCC
13,21292.0,C14,OLA,5419.0,10.948263983660597,0.984968098469561,6.649814021329546,1.0,0.0,112.9168196697493,1.5366847432053237,170.20119361129002,10.948,0.985,6.65,CCCC
14,21293.0,C15,OLA,5419.0,12.189298836474856,1.7746535492800724,7.094369285473766,1.0,0.0,99.89191670843485,1.5337861650177989,173.66155671570573,12.189,1.775,7.094,CCCC
15,21294.0,C16,OLA,5419.0,12.587950752009464,2.4131903097252723,5.7580132490598,1.0,0.0,114.06802959657854,1.5264337522473705,176.83575525280853,12.588,2.413,5.758,CCCC
16,21295.0,C17,OLA,5419.0,13.783132489909022,3.358066650072289,5.8515510213308355,1.0,0.0,113.48955769612448,1.5239750654128155,57.56058934671682,13.783,3.358,5.852,CCCC
17,21296.0,C18,OLA,5419.0,14.939685728839361,2.966707547852354,4.939562721717858,1.0,0.0,113.5958237663298,1.3635615130972303,146.59518789485531,14.94,2.967,4.94,CCCO
18,21298.0,O20,OLA,5419.0,15.634362213606655,4.033366000653402,4.450722945751345,1.0,0.0,108.63720502751484,0.9977975746613177,7.36446689840755,15.634,4.033,4.451,CCOH
19,21299.0,H21,OLA,5419.0,16.29059724000124,3.7039816020062233,3.7751035950161693,1.0,0.0,0.0,0.0,0.0,16.291,3.704,3.775,
0,21300.0,C1,OLA,5420.0,0.0,0.0,0.0,1.0,0.0,0.0,1.5244015219094982,0.0,0.0,0.0,0.0,
1,21301.0,C2,OLA,5420.0,-0.25,-0.620000000000001,-1.3699999999999974,1.0,0.0,114.34604055500719,1.5368474224854014,0.0,-0.25,-0.62,-1.37,
2,21302.0,C3,OLA,5420.0,-1.6800000000000068,-0.4299999999999997,-1.8999999999999986,1.0,0.0,115.72121108805324,1.5318289721767233,177.55150492623787,-1.68,-0.43,-1.9,CCCC
3,21303.0,C4,OLA,5420.0,-1.9499999999998705,-0.9900000000003448,-3.299999999999897,1.0,0.0,119.11831994624887,1.5231874474272635,165.2039047409384,-1.95,-0.99,-3.3,CCCC
4,21304.0,C5,OLA,5420.0,-3.2100000000039612,-0.5599999999997045,-4.039999999994112,1.0,0.0,117.10360919831422,1.5371076735219307,171.68893755075368,-3.21,-0.56,-4.04,CCCC
5,21305.0,C6,OLA,5420.0,-3.3400000000053174,-0.990000000045539,-5.509999999964368,1.0,0.0,111.64906749444711,1.5308494374039503,166.9914573369189,-3.34,-0.99,-5.51,CCCC
6,21306.0,C7,OLA,5420.0,-4.7620688594229446,-0.7796957980851262,-6.0363005812461,1.0,0.0,111.32900848420122,1.5272851731094632,156.60020617142777,-4.762,-0.78,-6.036,CCCC
7,21307.0,C8,OLA,5420.0,-4.777162638328749,-0.6451895111449362,-7.557576439336634,1.0,0.0,105.7344607318881,1.5368148880070034,168.98994120570703,-4.777,-0.645,-7.558,CCCC
8,21308.0,C9,OLA,5420.0,-6.191362609117135,-0.16469087835360227,-7.919459716368401,1.0,0.0,123.59369288600797,1.3923002549737604,149.14024568331334,-6.191,-0.165,-7.919,CCCC
9,21309.0,C10,OLA,5420.0,-6.832031531242134,-0.48549444429082006,-9.113247136433758,1.0,0.0,124.12702622839221,1.5261389189716652,18.299764523361077,-6.832,-0.485,-9.113,CCCC
10,21310.0,C11,OLA,5420.0,-8.337956354813457,-0.37312716994553896,-9.333846369340737,1.0,0.0,109.24291748112908,1.5279070652366316,161.43362609521296,-8.338,-0.373,-9.334,CCCC
11,21311.0,C12,OLA,5420.0,-8.733984652615687,-1.217456348340818,-10.544123125231925,1.0,0.0,103.95402081176239,1.523975065412815,167.51475733566485,-8.734,-1.217,-10.544,CCCC
12,21312.0,C13,OLA,5420.0,-10.161000336791348,-0.7773495320287315,-10.848149813783369,1.0,0.0,122.0747724680572,1.5217424223566898,170.60185977268787,-10.161,-0.777,-10.848,CCCC
13,21313.0,C14,OLA,5420.0,-11.034997668078878,-1.5093490234892828,-11.856120750568634,1.0,0.0,117.50632314542909,1.530424777635279,174.55170900153647,-11.035,-1.509,-11.856,CCCC
14,21314.0,C15,OLA,5420.0,-12.40414772593678,-0.9045506351940419,-12.175255563121203,1.0,0.0,112.99333203651415,1.5303921066184298,174.34869306686497,-12.404,-0.905,-12.175,CCCC
15,21315.0,C16,OLA,5420.0,-13.137065606711113,-1.643166960444889,-13.297475374096937,1.0,0.0,111.13936033180008,1.5292154851426274,165.39570374560805,-13.137,-1.643,-13.297,CCCC
16,21316.0,C17,OLA,5420.0,-14.614567960790403,-1.2514210847643,-13.342441613084974,1.0,0.0,101.97272866074199,1.5247622765533038,175.96263214769334,-14.615,-1.251,-13.342,CCCC
17,21317.0,C18,OLA,5420.0,-15.105554143479154,-2.009497182111941,-14.57091757909002,1.0,0.0,118.09718779709276,1.3687220316777224,79.71821052440147,-15.106,-2.009,-14.571,CCCO
18,21319.0,O20,OLA,5420.0,-15.24285548780626,-1.3169587753022807,-15.743495463899556,1.0,0.0,102.87719105711024,1.0018482919085112,172.64783612800613,-15.243,-1.317,-15.743,CCOH
19,21320.0,H21,OLA,5420.0,-15.4488510677524,-2.0391897432762343,-16.40655522744489,1.0,0.0,0.0,0.0,0.0,-15.449,-2.039,-16.407,
0,21321.0,C1,OLA,5421.0,0.0,0.0,0.0,1.0,0.0,0.0,1.5201315732527836,0.0,0.0,0.0,0.0,
1,21322.0,C2,OLA,5421.0,-0.5599999999999881,-0.6400000000000006,-1.259999999999998,1.0,0.0,102.17181636694022,1.531306631605834,0.0,-0.56,-0.64,-1.26,
2,21323.0,C3,OLA,5421.0,0.010000000000005116,0.2600000000000051,-2.3599999999999994,1.0,0.0,116.75606394014582,1.5323837639442701,174.0463226722106,0.01,0.26,-2.36,CCCC
3,21324.0,C4,OLA,5421.0,-0.24071637156180467,-0.1764364619489429,-3.807364679585748,1.0,0.0,117.21860982539455,1.5306207890917978,172.39436280088216,-0.241,-0.176,-3.807,CCCC
4,21325.0,C5,OLA,5421.0,0.4717216023417361,0.6112834809628582,-4.909512321653629,1.0,0.0,110.53177977421561,1.5263682386632655,167.66430001330778,0.472,0.611,-4.91,CCCC
5,21326.0,C6,OLA,5421.0,1.5494719097248995,1.5122251722722833,-4.3123872562019585,1.0,0.0,114.1008056108314,1.5357408635573961,164.8674523125243,1.549,1.512,-4.312,CCCC
6,21327.0,C7,OLA,5421.0,2.062248178923546,2.5967541680520627,-5.271218500500466,1.0,0.0,110.44113155006708,1.5245655118754353,158.59417268390268,2.062,2.597,-5.271,CCCC
7,21328.0,C8,OLA,5421.0,2.7018785638032927,3.739024022871011,-4.4899422692931585,1.0,0.0,116.31837087956843,1.5352198539622863,179.84999477679145,2.702,3.739,-4.49,CCCC
8,21329.0,C9,OLA,5421.0,3.2594183900973515,4.903469939111603,-5.320673904818737,1.0,0.0,123.72938831980761,1.385279755139732,170.92491361148242,3.259,4.903,-5.321,CCCC
9,21330.0,C10,OLA,5421.0,4.027906256728468,5.927292873925528,-4.7913224176068265,1.0,0.0,118.2947654124733,1.5325142739955147,9.786437472433276,4.028,5.927,-4.791,CCCC
10,21331.0,C11,OLA,5421.0,4.709267862775401,6.899699213182233,-5.760225030455437,1.0,0.0,107.73133199463284,1.5284959927981483,175.01761454572852,4.709,6.9,-5.76,CCCC
11,21332.0,C12,OLA,5421.0,5.380962638325402,7.9918094208839,-4.928106395442886,1.0,0.0,107.48191765537793,1.5275470532851025,150.0307429022743,5.381,7.992,-4.928,CCCC
12,21333.0,C13,OLA,5421.0,6.603553132503203,8.474899316828006,-5.706114516396435,1.0,0.0,110.9816951568029,1.5366522052826352,171.405927448956,6.604,8.475,-5.706,CCCC
13,21334.0,C14,OLA,5421.0,7.460442771280725,9.422066103342665,-4.851763753873864,1.0,0.0,109.63612473615771,1.5323837639442712,175.60872555062033,7.46,9.422,-4.852,CCCC
14,21335.0,C15,OLA,5421.0,8.615428310096508,9.97300803603246,-5.694777034838229,1.0,0.0,110.27829943022945,1.5328731193415766,48.049243540752755,8.615,9.973,-5.695,CCCC
15,21336.0,C16,OLA,5421.0,8.71449359595446,11.493863879911498,-5.530814931577403,1.0,0.0,111.03022354315249,1.5295751043999166,165.39692137474336,8.714,11.494,-5.531,CCCC
16,21337.0,C17,OLA,5421.0,10.051305752638434,12.016963033172086,-6.058925273780099,1.0,0.0,106.67214609913277,1.5226949793047928,163.5479633573146,10.051,12.017,-6.059,CCCC
17,21338.0,C18,OLA,5421.0,9.892086336617531,13.520716396455164,-6.237740821210329,1.0,0.0,114.30120398486599,1.359632303234959,78.17315063700387,9.892,13.521,-6.238,CCCO
18,21340.0,O20,OLA,5421.0,10.454087551541727,14.26449467282011,-5.248019390689025,1.0,0.0,110.5335148008351,0.9976973488989508,5.923431913301773,10.454,14.264,-5.248,CCOH
19,21341.0,H21,OLA,5421.0,10.401513445506982,15.236279665572823,-5.467723489957863,1.0,0.0,0.0,0.0,0.0,10.402,15.236,-5.468,
0,21342.0,C1,OLA,5422.0,0.0,0.0,0.0,1.0,0.0,0.0,1.533199269501524,0.0,0.0,0.0,0.0,
1,21343.0,C2,OLA,5422.0,0.3499999999999943,0.4900000000000002,-1.4100000000000037,1.0,0.0,113.9351645761197,1.5304901175767187,0.0,0.35,0.49,-1.41,
2,21344.0,C3,OLA,5422.0,-0.21000000000000796,-0.39000000000000057,-2.530000000000001,1.0,0.0,98.76932532888921,1.5257129481000056,174.2172901685552,-0.21,-0.39,-2.53,CCCC
3,21345.0,C4,OLA,5422.0,0.19646058084283347,0.4674017531806751,-3.7247602394825132,1.0,0.0,110.2242075836666,1.5308167754502857,175.80084060481258,0.196,0.467,-3.725,CCCC
4,21346.0,C5,OLA,5422.0,-0.16012172600919183,-0.24408592362431686,-5.032443054309678,1.0,0.0,110.81991815429556,1.5245327152934425,172.78053611711456,-0.16,-0.244,-5.032,CCCC
5,21347.0,C6,OLA,5422.0,0.07526014178362227,0.6710165361143193,-6.228847193593108,1.0,0.0,119.92862725454833,1.5300653580811516,85.36998394797419,0.075,0.671,-6.229,CCCC
6,21348.0,C7,OLA,5422.0,1.4009774808655608,0.6065962329763614,-6.990045959623564,1.0,0.0,109.81184728241233,1.5331992695015233,135.0906175986688,1.401,0.607,-6.99,CCCC
7,21349.0,C8,OLA,5422.0,1.133937251792181,0.6083106088446222,-8.499809708351105,1.0,0.0,111.6339825863673,1.5269250145308397,166.26647509608236,1.134,0.608,-8.5,CCCC
8,21350.0,C9,OLA,5422.0,2.3771550508901806,0.21005873638002587,-9.291835560254928,1.0,0.0,125.82843978560413,1.3924798023669884,173.00771699920855,2.377,0.21,-9.292,CCCC
9,21351.0,C10,OLA,5422.0,2.5070396931525205,0.24663003749202103,-10.67776215269742,1.0,0.0,120.73283320130939,1.5292154851426298,9.993004059955789,2.507,0.247,-10.678,CCCC
10,21352.0,C11,OLA,5422.0,3.8695968075796623,0.040542367284914504,-11.340684457432848,1.0,0.0,107.0676503212653,1.5322206107476801,178.27931843847435,3.87,0.041,-11.341,CCCC
11,21353.0,C12,OLA,5422.0,3.6610370309265496,0.18528553788808222,-12.851727883058386,1.0,0.0,109.40988013957256,1.526728528586532,176.7688766898696,3.661,0.185,-12.852,CCCC
12,21354.0,C13,OLA,5422.0,5.006819924410767,0.06845356773071978,-13.563148077860912,1.0,0.0,99.33829201907336,1.5306861206661535,179.43255991737513,5.007,0.068,-13.563,CCCC
13,21355.0,C14,OLA,5422.0,4.536802838717982,0.2266500208836555,-15.01127024859333,1.0,0.0,106.52731105679112,1.5327100182356748,179.67130960806668,4.537,0.227,-15.011,CCCC
14,21356.0,C15,OLA,5422.0,5.790752943721943,0.14113426424112677,-15.888479567686236,1.0,0.0,108.62528603093835,1.5341773039645694,173.27703007211116,5.791,0.141,-15.888,CCCC
15,21357.0,C16,OLA,5422.0,5.358783074005133,0.12474131795118823,-17.360496314525964,1.0,0.0,106.59104769805465,1.5358385331798428,159.96992490794065,5.359,0.125,-17.36,CCCC
16,21358.0,C17,OLA,5422.0,6.535192325603516,-0.4597289957945591,-18.15626997902109,1.0,0.0,111.13971067749283,1.5346009253222794,165.0288737288939,6.535,-0.46,-18.156,CCCC
17,21359.0,C18,OLA,5422.0,6.376047045514807,-0.18913982206550198,-19.658419864647012,1.0,0.0,115.40717310658073,1.3562816816576027,173.3366248380524,6.376,-0.189,-19.658,CCCO
18,21361.0,O20,OLA,5422.0,7.434499324464062,-0.543512212677991,-20.42887361526825,1.0,0.0,118.89294242957861,1.0042410069301093,2.073733875389583,7.434,-0.544,-20.429,CCOH
19,21362.0,H21,OLA,5422.0,7.374050993445547,-0.4187074674243765,-21.423494032719866,1.0,0.0,0.0,0.0,0.0,7.374,-0.419,-21.423,
0,21363.0,C1,OLA,5423.0,0.0,0.0,0.0,1.0,0.0,0.0,1.5258440287263981,0.0,0.0,0.0,0.0,
1,21364.0,C2,OLA,5423.0,0.23000000000000398,0.480000000000004,-1.4299999999999997,1.0,0.0,110.9767403188679,1.5414603465545222,0.0,0.23,0.48,-1.43,
2,21365.0,C3,OLA,5423.0,-0.9099999999999966,1.4099999999999966,-1.8900000000000006,1.0,0.0,105.41816457439164,1.5280052355931255,173.0694869937927,-0.91,1.41,-1.89,CCCC
3,21366.0,C4,OLA,5423.0,-0.4699999994908683,1.9500000005161402,-3.2499999996930695,1.0,0.0,115.30530120262314,1.5301633899685358,176.26985947784732,-0.47,1.95,-3.25,CCCC
4,21367.0,C5,OLA,5423.0,-1.409999999342129,2.980000000629254,-3.879999999730079,1.0,0.0,108.92517285691157,1.5271542161811904,148.65509570776098,-1.41,2.98,-3.88,CCCC
5,21368.0,C6,OLA,5423.0,-1.3399999987059477,2.850000000884429,-5.399999999712692,1.0,0.0,117.18214359765244,1.5373353570382704,174.21262500103703,-1.34,2.85,-5.4,CCCC
6,21369.0,C7,OLA,5423.0,-2.1099999984235125,3.8900000009759883,-6.229999999859962,1.0,0.0,110.07035040440957,1.5317310468877956,174.00390941532604,-2.11,3.89,-6.23,CCCC
7,21370.0,C8,OLA,5423.0,-1.8099999978195065,3.7000000011955367,-7.719999999763776,1.0,0.0,105.48412566822806,1.5296077928671836,174.30910937736414,-1.81,3.7,-7.72,CCCC
8,21371.0,C9,OLA,5423.0,-2.5043347984845705,4.86455826135232,-8.428098328574354,1.0,0.0,120.49288054267726,1.3940229553346637,174.37895426403173,-2.504,4.865,-8.428,CCCC
9,21372.0,C10,OLA,5423.0,-2.334720472765962,5.062086157954611,-9.7975922900705,1.0,0.0,122.1927512219085,1.5249918032566605,5.891235292885954,-2.335,5.062,-9.798,CCCC
10,21373.0,C11,OLA,5423.0,-2.899203401231197,6.281532790719819,-10.51863939910154,1.0,0.0,108.70097018267194,1.5293789589241764,179.01270274514246,-2.899,6.282,-10.519,CCCC
11,21374.0,C12,OLA,5423.0,-2.51373941645558,6.199427726337734,-11.996366124461714,1.0,0.0,115.27943530928526,1.5267285285865304,179.37389903030126,-2.514,6.199,-11.996,CCCC
12,21375.0,C13,OLA,5423.0,-2.993939386160199,7.362490743045079,-12.861000387178354,1.0,0.0,105.29977904314408,1.5308167754502893,153.2037999841005,-2.994,7.362,-12.861,CCCC
13,21376.0,C14,OLA,5423.0,-3.122092449170864,6.788983335258244,-14.274530028056018,1.0,0.0,111.45609744012881,1.5317310468878051,167.3260981375973,-3.122,6.789,-14.275,CCCC
14,21377.0,C15,OLA,5423.0,-3.8875798488338735,7.741296543306736,-15.198287893913498,1.0,0.0,109.60853380235979,1.5279070652366273,178.82683559174387,-3.888,7.741,-15.198,CCCC
15,21378.0,C16,OLA,5423.0,-3.9652934838298974,7.142224419965765,-16.601702722811865,1.0,0.0,112.88843777023452,1.5212166183683353,176.5911346805845,-3.965,7.142,-16.602,CCCC
16,21379.0,C17,OLA,5423.0,-4.783648823607656,7.991072001240958,-17.562875091041217,1.0,0.0,113.38439610602455,1.5305554547287734,169.30368755690606,-4.784,7.991,-17.563,CCCC
17,21380.0,C18,OLA,5423.0,-5.088321724478815,7.28658424520038,-18.88706217189137,1.0,0.0,117.71800346595988,1.3657964709282269,175.40239374341908,-5.088,7.287,-18.887,CCCO
18,21382.0,O20,OLA,5423.0,-5.735713068752657,8.002594839149754,-19.85329882857549,1.0,0.0,110.53387425485116,1.0042410069301084,1.349718616049958,-5.736,8.003,-19.853,CCOH
19,21383.0,H21,OLA,5423.0,-5.899441518397245,7.43271289305776,-20.663809508514447,1.0,0.0,0.0,0.0,0.0,-5.899,7.433,-20.664,
